2024-12-09 06:43:09.995: [INFO][Sync] Reset engine, reason: 8
2024-12-09 06:43:09.995: [INFO][Sync] Stopped: Bookmarks
2024-12-09 06:43:09.995: [INFO][Sync] Stopped: Preferences
2024-12-09 06:43:09.995: [INFO][Sync] Stopped: Passwords
2024-12-09 06:43:09.995: [INFO][Sync] Stopped: Autofill Profiles
2024-12-09 06:43:09.995: [INFO][Sync] Stopped: Autofill
2024-12-09 06:43:09.995: [INFO][Sync] Stopped: Typed URLs
2024-12-09 06:43:09.995: [INFO][Sync] Stopped: Extensions
2024-12-09 06:43:09.995: [INFO][Sync] Stopped: Sessions
2024-12-09 06:43:09.995: [INFO][Sync] Stopped: Extension settings
2024-12-09 06:43:09.995: [INFO][Sync] Stopped: History Delete Directives
2024-12-09 06:43:09.995: [INFO][Sync] Stopped: Device Info
2024-12-09 06:43:09.995: [INFO][Sync] Stopped: User Consents
2024-12-09 06:43:09.995: [INFO][Sync] Stopped: Send Tab To Self
2024-12-09 06:43:09.995: [INFO][Sync] Stopped: Web Apps
2024-12-09 06:43:09.995: [INFO][Sync] Stopped: History
2024-12-09 06:43:09.995: [INFO][Sync] Stopped: Collection
2024-12-09 06:43:09.995: [INFO][Sync] Stopped: Edge E Drop
2024-12-09 06:43:09.995: [INFO][Sync] Stopped: Edge Hub App Usage
2024-12-09 06:43:09.995: [INFO][Sync] Stopped: Edge Tab Group
2024-12-09 06:43:09.995: [INFO][Sync] Stopped: Edge Wallet
2024-12-09 06:43:09.995: [INFO][Sync] SyncState after authenticated was: NotSignedIn
2024-12-09 06:43:10.274: [INFO][Sync] Reset engine, reason: 8
2024-12-09 06:43:10.274: [INFO][Sync] Stopped: Bookmarks
2024-12-09 06:43:10.274: [INFO][Sync] Stopped: Preferences
2024-12-09 06:43:10.274: [INFO][Sync] Stopped: Passwords
2024-12-09 06:43:10.274: [INFO][Sync] Stopped: Autofill Profiles
2024-12-09 06:43:10.274: [INFO][Sync] Stopped: Autofill
2024-12-09 06:43:10.274: [INFO][Sync] Stopped: Typed URLs
2024-12-09 06:43:10.274: [INFO][Sync] Stopped: Extensions
2024-12-09 06:43:10.274: [INFO][Sync] Stopped: Sessions
2024-12-09 06:43:10.274: [INFO][Sync] Stopped: Extension settings
2024-12-09 06:43:10.274: [INFO][Sync] Stopped: History Delete Directives
2024-12-09 06:43:10.274: [INFO][Sync] Stopped: Device Info
2024-12-09 06:43:10.274: [INFO][Sync] Stopped: User Consents
2024-12-09 06:43:10.274: [INFO][Sync] Stopped: Send Tab To Self
2024-12-09 06:43:10.274: [INFO][Sync] Stopped: Web Apps
2024-12-09 06:43:10.274: [INFO][Sync] Stopped: History
2024-12-09 06:43:10.274: [INFO][Sync] Stopped: Collection
2024-12-09 06:43:10.274: [INFO][Sync] Stopped: Edge E Drop
2024-12-09 06:43:10.274: [INFO][Sync] Stopped: Edge Hub App Usage
2024-12-09 06:43:10.274: [INFO][Sync] Stopped: Edge Tab Group
2024-12-09 06:43:10.274: [INFO][Sync] Stopped: Edge Wallet
2024-12-09 06:43:11.395: [INFO][Sync] Try to start sync engine
2024-12-09 06:43:11.395: [INFO][SyncManagerImpl::NudgeForInitialDownload] Initial download nudge for Encryption Keys
2024-12-09 06:43:11.395: [INFO][SyncEngineBackend::LoadAndConnectNigoriController] Load and connect Nigori controller
2024-12-09 06:43:11.395: [INFO][SyncEngineBackend::DoInitialize] Control Types added: Encryption Keys
2024-12-09 06:43:11.396: [INFO][SyncManagerImpl::ConfigureSyncer] Types to download: Encryption Keys with reason: 3
2024-12-09 06:43:11.396: [INFO][SyncSchedulerImpl::DoConfigurationSyncCycleJob] Configure job was blocked
2024-12-09 06:43:11.494: [INFO][SyncAuthManager::SetLastAuthError] Current auth error: None
2024-12-09 06:43:11.495: [INFO][SyncAuthManager::EdgeLogTokenErrorState] Token error with: None for account type: MSA
2024-12-09 06:43:11.495: [INFO][Sync] Credentials changed for: EdgeSyncScopeNew
2024-12-09 06:43:12.412: [INFO][SyncAuthManager::SetLastAuthError] Current auth error: None
2024-12-09 06:43:12.412: [INFO][SyncAuthManager::EdgeLogTokenErrorState] Token error with: None for account type: MSA
2024-12-09 06:43:12.412: [INFO][Sync] Credentials changed for: EdgeSyncKeyDataScope
2024-12-09 06:43:12.413: [INFO][SyncEngineBackend::DoUpdateKeyDataCredentials] Update key data credentials
2024-12-09 06:43:12.413: [INFO][SyncEngineBackend::DoUpdateCredentials] Update credentials
2024-12-09 06:43:12.413: [INFO][SyncSchedulerImpl::DoConfigurationSyncCycleJob] Blocked types:  and types to download: Encryption Keys
2024-12-09 06:43:13.569: [INFO][Sync] Started DataTypeManager configuration, reason: 4
2024-12-09 06:43:13.569: [INFO][Sync] Configuring for: Bookmarks, Preferences, Passwords, Autofill Profiles, Autofill, Typed URLs, Extensions, Sessions, Extension settings, History Delete Directives, Device Info, User Consents, Send Tab To Self, Web Apps, Collection, Edge E Drop, Edge Hub App Usage, Edge Tab Group, Edge Wallet, Encryption Keys, reason: 3, current state: 0
2024-12-09 06:43:13.569: [INFO][Sync] Configure, desired: Bookmarks, Preferences, Typed URLs, Extensions, Sessions, Extension settings, History Delete Directives, Device Info, User Consents, Send Tab To Self, Web Apps, Collection, Edge E Drop, Edge Hub App Usage, Edge Tab Group, Edge Wallet, Encryption Keys; Allow fail: Passwords, Autofill Profiles, Autofill
2024-12-09 06:43:13.569: [INFO][Sync] Loading: Bookmarks
2024-12-09 06:43:13.569: [INFO][Sync] Loading: Preferences
2024-12-09 06:43:13.569: [INFO][Sync] Loading: Typed URLs
2024-12-09 06:43:13.569: [INFO][Sync] Loading: Extensions
2024-12-09 06:43:13.569: [INFO][Sync] Loading: Sessions
2024-12-09 06:43:13.569: [INFO][Sync] Loading: Extension settings
2024-12-09 06:43:13.569: [INFO][Sync] Loading: History Delete Directives
2024-12-09 06:43:13.570: [INFO][Sync] Loading: Device Info
2024-12-09 06:43:13.570: [INFO][Sync] Loading: User Consents
2024-12-09 06:43:13.570: [INFO][Sync] Loading: Send Tab To Self
2024-12-09 06:43:13.570: [INFO][Sync] Loading: Web Apps
2024-12-09 06:43:13.570: [INFO][Sync] Loading: Collection
2024-12-09 06:43:13.570: [INFO][Sync] Loading: Edge E Drop
2024-12-09 06:43:13.570: [INFO][Sync] Loading: Edge Hub App Usage
2024-12-09 06:43:13.570: [INFO][Sync] Loading: Edge Tab Group
2024-12-09 06:43:13.570: [INFO][Sync] Loading: Edge Wallet
2024-12-09 06:43:13.572: [INFO][Sync] All data types are ready for configure.
2024-12-09 06:43:14.086: [INFO][Sync] Started DataTypeManager configuration, reason: 5
2024-12-09 06:43:14.086: [INFO][Sync] Configuring for: Bookmarks, Preferences, Passwords, Autofill Profiles, Autofill, Typed URLs, Extensions, Sessions, Extension settings, History Delete Directives, Device Info, User Consents, Send Tab To Self, Web Apps, Collection, Edge E Drop, Edge Hub App Usage, Edge Tab Group, Edge Wallet, Encryption Keys, reason: 5, current state: 1
2024-12-09 06:43:14.087: [INFO][SyncEngineBackend::DoStartConfiguration] Start configuration
2024-12-09 06:43:14.087: [INFO][SyncManagerImpl::NudgeForInitialDownload] Initial download nudge for Bookmarks
2024-12-09 06:43:14.087: [INFO][SyncManagerImpl::NudgeForInitialDownload] Initial download nudge for Preferences
2024-12-09 06:43:14.087: [INFO][SyncManagerImpl::NudgeForInitialDownload] Initial download nudge for Typed URLs
2024-12-09 06:43:14.087: [INFO][SyncManagerImpl::NudgeForInitialDownload] Initial download nudge for Extensions
2024-12-09 06:43:14.087: [INFO][SyncManagerImpl::NudgeForInitialDownload] Initial download nudge for Sessions
2024-12-09 06:43:14.087: [INFO][SyncManagerImpl::NudgeForInitialDownload] Initial download nudge for Extension settings
2024-12-09 06:43:14.087: [INFO][SyncManagerImpl::NudgeForInitialDownload] Initial download nudge for History Delete Directives
2024-12-09 06:43:14.087: [INFO][SyncManagerImpl::NudgeForInitialDownload] Initial download nudge for Device Info
2024-12-09 06:43:14.087: [INFO][SyncManagerImpl::NudgeForInitialDownload] Initial download nudge for Send Tab To Self
2024-12-09 06:43:14.087: [INFO][SyncManagerImpl::NudgeForInitialDownload] Initial download nudge for Web Apps
2024-12-09 06:43:14.087: [INFO][SyncManagerImpl::NudgeForInitialDownload] Initial download nudge for Collection
2024-12-09 06:43:14.087: [INFO][SyncManagerImpl::NudgeForInitialDownload] Initial download nudge for Edge E Drop
2024-12-09 06:43:14.087: [INFO][SyncManagerImpl::NudgeForInitialDownload] Initial download nudge for Edge Hub App Usage
2024-12-09 06:43:14.087: [INFO][SyncManagerImpl::NudgeForInitialDownload] Initial download nudge for Edge Tab Group
2024-12-09 06:43:14.087: [INFO][SyncManagerImpl::NudgeForInitialDownload] Initial download nudge for Edge Wallet
2024-12-09 06:43:14.087: [INFO][SyncManagerImpl::ConfigureSyncer] Types to download:  with reason: 3
2024-12-09 06:43:14.087: [INFO][SyncEngineBackend::DoFinishConfigureDataTypes] Failed to download types:  and succeeded types: 
2024-12-09 06:43:14.087: [INFO][Sync] ConfigurationDone, failed: , succeeded: , remaining count: 3
2024-12-09 06:43:14.087: [WARN][Sync]     Reconfigure requested while configuration ongoing.
2024-12-09 06:43:14.087: [INFO][Sync] Configuring for: Bookmarks, Preferences, Passwords, Autofill Profiles, Autofill, Typed URLs, Extensions, Sessions, Extension settings, History Delete Directives, Device Info, User Consents, Send Tab To Self, Web Apps, Collection, Edge E Drop, Edge Hub App Usage, Edge Tab Group, Edge Wallet, Encryption Keys, reason: 5, current state: 2
2024-12-09 06:43:14.087: [INFO][Sync] Configure, desired: Bookmarks, Preferences, Passwords, Autofill Profiles, Autofill, Typed URLs, Extensions, Sessions, Extension settings, History Delete Directives, Device Info, User Consents, Send Tab To Self, Web Apps, Collection, Edge E Drop, Edge Hub App Usage, Edge Tab Group, Edge Wallet, Encryption Keys; Allow fail: 
2024-12-09 06:43:14.087: [INFO][Sync] Loading: Passwords
2024-12-09 06:43:14.087: [INFO][Sync] Loading: Autofill Profiles
2024-12-09 06:43:14.087: [INFO][Sync] Loading: Autofill
2024-12-09 06:43:14.087: [INFO][Sync] All data types are ready for configure.
2024-12-09 06:43:14.087: [INFO][SyncManagerImpl::NudgeForInitialDownload] Initial download nudge for Passwords
2024-12-09 06:43:14.087: [INFO][SyncManagerImpl::NudgeForInitialDownload] Initial download nudge for Autofill Profiles
2024-12-09 06:43:14.087: [INFO][SyncManagerImpl::NudgeForInitialDownload] Initial download nudge for Autofill
2024-12-09 06:43:14.087: [INFO][SyncManagerImpl::ConfigureSyncer] Types to download:  with reason: 5
2024-12-09 06:43:14.087: [INFO][SyncEngineBackend::DoFinishConfigureDataTypes] Failed to download types:  and succeeded types: 
2024-12-09 06:43:14.088: [INFO][Sync] ConfigurationDone, failed: , succeeded: , remaining count: 3
2024-12-09 06:43:14.088: [INFO][Sync] Prepare to configure types: Preferences, Passwords, Device Info, Send Tab To Self, Edge E Drop, Encryption Keys
2024-12-09 06:43:14.088: [INFO][SyncManagerImpl::ConfigureSyncer] Types to download: Preferences, Passwords, Device Info, Send Tab To Self, Edge E Drop, Encryption Keys with reason: 5
2024-12-09 06:43:14.088: [INFO][SyncSchedulerImpl::DoConfigurationSyncCycleJob] Blocked types:  and types to download: Preferences, Passwords, Device Info, Send Tab To Self, Edge E Drop, Encryption Keys
2024-12-09 06:43:15.963: [INFO][SyncEngineBackend::DoFinishConfigureDataTypes] Failed to download types:  and succeeded types: Preferences, Passwords, Device Info, Send Tab To Self, Edge E Drop, Encryption Keys
2024-12-09 06:43:15.969: [INFO][Sync] ConfigurationDone, failed: , succeeded: Preferences, Passwords, Device Info, Send Tab To Self, Edge E Drop, Encryption Keys, remaining count: 2
2024-12-09 06:43:15.969: [INFO][Sync] Prepare to configure types: Bookmarks, Encryption Keys
2024-12-09 06:43:15.969: [INFO][SyncManagerImpl::ConfigureSyncer] Types to download: Bookmarks, Encryption Keys with reason: 5
2024-12-09 06:43:15.969: [INFO][SyncSchedulerImpl::DoConfigurationSyncCycleJob] Blocked types:  and types to download: Bookmarks, Encryption Keys
2024-12-09 06:43:16.847: [INFO][SyncEngineBackend::DoFinishConfigureDataTypes] Failed to download types:  and succeeded types: Bookmarks, Encryption Keys
2024-12-09 06:43:16.848: [INFO][Sync] ConfigurationDone, failed: , succeeded: Bookmarks, Encryption Keys, remaining count: 1
2024-12-09 06:43:16.849: [INFO][Sync] Prepare to configure types: Autofill Profiles, Autofill, Typed URLs, Extensions, Sessions, Extension settings, History Delete Directives, Web Apps, Collection, Edge Hub App Usage, Edge Tab Group, Edge Wallet, Encryption Keys
2024-12-09 06:43:16.852: [INFO][SyncManagerImpl::ConfigureSyncer] Types to download: Autofill Profiles, Autofill, Typed URLs, Extensions, Sessions, Extension settings, History Delete Directives, Web Apps, Collection, Edge Hub App Usage, Edge Tab Group, Edge Wallet, Encryption Keys with reason: 5
2024-12-09 06:43:16.852: [INFO][SyncSchedulerImpl::DoConfigurationSyncCycleJob] Blocked types:  and types to download: Autofill Profiles, Autofill, Typed URLs, Extensions, Sessions, Extension settings, History Delete Directives, Web Apps, Collection, Edge Hub App Usage, Edge Tab Group, Edge Wallet, Encryption Keys
2024-12-09 06:43:29.347: [INFO][SyncSchedulerImpl::OnSyncNetworkError] Syncer error: HTTP error (401)
2024-12-09 06:43:29.347: [INFO][Sync] Connection status changed to: 2
2024-12-09 06:43:29.348: [INFO][SyncSchedulerImpl::DoConfigurationSyncCycleJob] Syncer error: Success
2024-12-09 06:43:29.349: [WARN][Sync] NetworkError: HTTP error (401)
2024-12-09 06:43:29.862: [INFO][SyncAuthManager::SetLastAuthError] Current auth error: None
2024-12-09 06:43:29.862: [INFO][SyncAuthManager::EdgeLogTokenErrorState] Token error with: None for account type: MSA
2024-12-09 06:43:29.862: [INFO][Sync] Credentials changed for: EdgeSyncKeyDataScope
2024-12-09 06:43:29.862: [INFO][SyncEngineBackend::DoUpdateKeyDataCredentials] Update key data credentials
2024-12-09 06:43:30.776: [INFO][SyncAuthManager::SetLastAuthError] Current auth error: None
2024-12-09 06:43:30.776: [INFO][SyncAuthManager::EdgeLogTokenErrorState] Token error with: None for account type: MSA
2024-12-09 06:43:30.776: [INFO][Sync] Credentials changed for: EdgeSyncScopeNew
2024-12-09 06:43:30.776: [INFO][SyncEngineBackend::DoUpdateCredentials] Update credentials
2024-12-09 06:43:30.776: [INFO][SyncSchedulerImpl::DoConfigurationSyncCycleJob] Blocked types:  and types to download: Autofill Profiles, Autofill, Typed URLs, Extensions, Sessions, Extension settings, History Delete Directives, Web Apps, Collection, Edge Hub App Usage, Edge Tab Group, Edge Wallet, Encryption Keys
2024-12-09 06:43:43.929: [INFO][SyncEngineBackend::DoFinishConfigureDataTypes] Failed to download types:  and succeeded types: Autofill Profiles, Autofill, Typed URLs, Extensions, Sessions, Extension settings, History Delete Directives, Web Apps, Collection, Edge Hub App Usage, Edge Tab Group, Edge Wallet, Encryption Keys
2024-12-09 06:43:43.929: [INFO][SyncEngineBackend::DoUpdateKeyDataCredentials] Update key data credentials
2024-12-09 06:43:43.938: [INFO][Sync] ConfigurationDone, failed: , succeeded: Autofill Profiles, Autofill, Typed URLs, Extensions, Sessions, Extension settings, History Delete Directives, Web Apps, Collection, Edge Hub App Usage, Edge Tab Group, Edge Wallet, Encryption Keys, remaining count: 0
2024-12-09 06:43:43.938: [INFO][Sync]     Configuration completed, state: 7
2024-12-09 06:43:43.939: [INFO][Sync] Configured DataTypeManager: Ok
2024-12-09 06:43:43.940: [INFO][SyncEngineBackend::DoStartSyncing] Start syncing
2024-12-10 12:49:59.098: [INFO][Sync] SyncState after authenticated was: FeatureCanStart
2024-12-10 12:49:59.789: [INFO][Sync] Try to start sync engine
2024-12-10 12:49:59.790: [INFO][SyncManagerImpl::NudgeForInitialDownload] Initial download nudge for Encryption Keys
2024-12-10 12:49:59.790: [INFO][SyncEngineBackend::LoadAndConnectNigoriController] Load and connect Nigori controller
2024-12-10 12:49:59.790: [INFO][SyncEngineBackend::DoInitialize] Control Types added: Encryption Keys
2024-12-10 12:49:59.790: [INFO][SyncManagerImpl::ConfigureSyncer] Types to download: Encryption Keys with reason: 3
2024-12-10 12:49:59.790: [INFO][SyncSchedulerImpl::DoConfigurationSyncCycleJob] Configure job was blocked
2024-12-10 12:50:00.128: [INFO][SyncAuthManager::SetLastAuthError] Current auth error: None
2024-12-10 12:50:00.128: [INFO][SyncAuthManager::EdgeLogTokenErrorState] Token error with: None for account type: MSA
2024-12-10 12:50:00.128: [INFO][Sync] Credentials changed for: EdgeSyncKeyDataScope
2024-12-10 12:50:00.128: [INFO][SyncEngineBackend::DoUpdateKeyDataCredentials] Update key data credentials
2024-12-10 12:50:00.257: [INFO][SyncAuthManager::SetLastAuthError] Current auth error: None
2024-12-10 12:50:00.257: [INFO][SyncAuthManager::EdgeLogTokenErrorState] Token error with: None for account type: MSA
2024-12-10 12:50:00.257: [INFO][Sync] Credentials changed for: EdgeSyncScopeNew
2024-12-10 12:50:00.257: [INFO][SyncEngineBackend::DoUpdateCredentials] Update credentials
2024-12-10 12:50:00.257: [INFO][SyncSchedulerImpl::DoConfigurationSyncCycleJob] Blocked types:  and types to download: Encryption Keys
2024-12-10 12:50:01.126: [INFO][SyncEngineBackend::DoUpdateKeyDataCredentials] Update key data credentials
2024-12-10 12:50:01.204: [INFO][Sync] Started DataTypeManager configuration, reason: 4
2024-12-10 12:50:01.204: [INFO][Sync] Configuring for: Bookmarks, Preferences, Passwords, Autofill Profiles, Autofill, Typed URLs, Extensions, Sessions, Extension settings, History Delete Directives, Device Info, User Consents, Send Tab To Self, Web Apps, Collection, Edge E Drop, Edge Hub App Usage, Edge Tab Group, Edge Wallet, Encryption Keys, reason: 4, current state: 0
2024-12-10 12:50:01.217: [INFO][Sync] Configure, desired: Bookmarks, Preferences, Typed URLs, Extensions, Sessions, Extension settings, History Delete Directives, Device Info, User Consents, Send Tab To Self, Web Apps, Collection, Edge E Drop, Edge Hub App Usage, Edge Tab Group, Edge Wallet, Encryption Keys; Allow fail: Passwords, Autofill Profiles, Autofill
2024-12-10 12:50:01.217: [INFO][Sync] Loading: Bookmarks
2024-12-10 12:50:01.217: [INFO][Sync] Loading: Preferences
2024-12-10 12:50:01.217: [INFO][Sync] Loading: Typed URLs
2024-12-10 12:50:01.217: [INFO][Sync] Loading: Extensions
2024-12-10 12:50:01.217: [INFO][Sync] Loading: Sessions
2024-12-10 12:50:01.217: [INFO][Sync] Loading: Extension settings
2024-12-10 12:50:01.217: [INFO][Sync] Loading: History Delete Directives
2024-12-10 12:50:01.217: [INFO][Sync] Loading: Device Info
2024-12-10 12:50:01.217: [INFO][Sync] Loading: User Consents
2024-12-10 12:50:01.217: [INFO][Sync] Loading: Send Tab To Self
2024-12-10 12:50:01.217: [INFO][Sync] Loading: Web Apps
2024-12-10 12:50:01.217: [INFO][Sync] Loading: Collection
2024-12-10 12:50:01.217: [INFO][Sync] Loading: Edge E Drop
2024-12-10 12:50:01.217: [INFO][Sync] Loading: Edge Hub App Usage
2024-12-10 12:50:01.217: [INFO][Sync] Loading: Edge Tab Group
2024-12-10 12:50:01.217: [INFO][Sync] Loading: Edge Wallet
2024-12-10 12:50:01.233: [INFO][Sync] All data types are ready for configure.
2024-12-10 12:50:01.647: [INFO][SyncEngineBackend::DoStartConfiguration] Start configuration
2024-12-10 12:50:01.647: [INFO][SyncManagerImpl::ConfigureSyncer] Types to download:  with reason: 4
2024-12-10 12:50:01.647: [INFO][SyncEngineBackend::DoFinishConfigureDataTypes] Failed to download types:  and succeeded types: 
2024-12-10 12:50:01.655: [INFO][Sync] Started DataTypeManager configuration, reason: 5
2024-12-10 12:50:01.655: [INFO][Sync] Configuring for: Bookmarks, Preferences, Passwords, Autofill Profiles, Autofill, Typed URLs, Extensions, Sessions, Extension settings, History Delete Directives, Device Info, User Consents, Send Tab To Self, Web Apps, Collection, Edge E Drop, Edge Hub App Usage, Edge Tab Group, Edge Wallet, Encryption Keys, reason: 5, current state: 1
2024-12-10 12:50:01.671: [INFO][Sync] ConfigurationDone, failed: , succeeded: , remaining count: 3
2024-12-10 12:50:01.671: [WARN][Sync]     Reconfigure requested while configuration ongoing.
2024-12-10 12:50:01.671: [INFO][Sync] Configuring for: Bookmarks, Preferences, Passwords, Autofill Profiles, Autofill, Typed URLs, Extensions, Sessions, Extension settings, History Delete Directives, Device Info, User Consents, Send Tab To Self, Web Apps, Collection, Edge E Drop, Edge Hub App Usage, Edge Tab Group, Edge Wallet, Encryption Keys, reason: 5, current state: 2
2024-12-10 12:50:01.671: [INFO][Sync] Configure, desired: Bookmarks, Preferences, Passwords, Autofill Profiles, Autofill, Typed URLs, Extensions, Sessions, Extension settings, History Delete Directives, Device Info, User Consents, Send Tab To Self, Web Apps, Collection, Edge E Drop, Edge Hub App Usage, Edge Tab Group, Edge Wallet, Encryption Keys; Allow fail: 
2024-12-10 12:50:01.671: [INFO][Sync] Loading: Passwords
2024-12-10 12:50:01.671: [INFO][Sync] Loading: Autofill Profiles
2024-12-10 12:50:01.671: [INFO][Sync] Loading: Autofill
2024-12-10 12:50:01.672: [INFO][Sync] All data types are ready for configure.
2024-12-10 12:50:01.672: [INFO][SyncManagerImpl::NudgeForInitialDownload] Initial download nudge for Passwords
2024-12-10 12:50:01.672: [INFO][SyncManagerImpl::ConfigureSyncer] Types to download:  with reason: 5
2024-12-10 12:50:01.672: [INFO][SyncEngineBackend::DoFinishConfigureDataTypes] Failed to download types:  and succeeded types: 
2024-12-10 12:50:01.674: [INFO][Sync] ConfigurationDone, failed: , succeeded: , remaining count: 3
2024-12-10 12:50:01.674: [INFO][Sync] Prepare to configure types: Passwords, Encryption Keys
2024-12-10 12:50:01.674: [INFO][SyncManagerImpl::ConfigureSyncer] Types to download: Passwords, Encryption Keys with reason: 5
2024-12-10 12:50:01.674: [INFO][SyncSchedulerImpl::DoConfigurationSyncCycleJob] Blocked types:  and types to download: Passwords, Encryption Keys
2024-12-10 12:50:02.392: [INFO][SyncEngineBackend::DoFinishConfigureDataTypes] Failed to download types:  and succeeded types: Passwords, Encryption Keys
2024-12-10 12:50:02.407: [INFO][Sync] ConfigurationDone, failed: , succeeded: Passwords, Encryption Keys, remaining count: 2
2024-12-10 12:50:02.407: [INFO][SyncManagerImpl::ConfigureSyncer] Types to download:  with reason: 5
2024-12-10 12:50:02.407: [INFO][SyncEngineBackend::DoFinishConfigureDataTypes] Failed to download types:  and succeeded types: 
2024-12-10 12:50:02.407: [INFO][Sync] ConfigurationDone, failed: , succeeded: , remaining count: 1
2024-12-10 12:50:02.420: [INFO][SyncManagerImpl::ConfigureSyncer] Types to download:  with reason: 5
2024-12-10 12:50:02.420: [INFO][SyncEngineBackend::DoFinishConfigureDataTypes] Failed to download types:  and succeeded types: 
2024-12-10 12:50:02.420: [INFO][Sync] ConfigurationDone, failed: , succeeded: , remaining count: 0
2024-12-10 12:50:02.434: [INFO][Sync]     Configuration completed, state: 7
2024-12-10 12:50:02.434: [INFO][Sync] Configured DataTypeManager: Ok
2024-12-10 12:50:02.449: [INFO][SyncEngineBackend::DoStartSyncing] Start syncing
2024-12-10 13:41:08.818: [INFO][Sync] Reset engine, reason: 0
2024-12-10 13:41:08.818: [INFO][Sync] Reset engine with reason: 0
2024-12-11 09:26:33.762: [INFO][Sync] SyncState after authenticated was: FeatureCanStart
2024-12-11 09:26:38.352: [INFO][Sync] Try to start sync engine
2024-12-11 09:26:38.353: [INFO][SyncManagerImpl::NudgeForInitialDownload] Initial download nudge for Encryption Keys
2024-12-11 09:26:38.353: [INFO][SyncEngineBackend::LoadAndConnectNigoriController] Load and connect Nigori controller
2024-12-11 09:26:38.353: [INFO][SyncEngineBackend::DoInitialize] Control Types added: Encryption Keys
2024-12-11 09:26:38.353: [INFO][SyncManagerImpl::ConfigureSyncer] Types to download: Encryption Keys with reason: 3
2024-12-11 09:26:38.353: [INFO][SyncSchedulerImpl::DoConfigurationSyncCycleJob] Configure job was blocked
2024-12-11 09:27:07.537: [INFO][SyncAuthManager::EdgeLogTokenErrorState] Token error with: EDGE_AUTH_ERROR: 3, 13, 800704cf for account type: MSA
2024-12-11 09:27:07.537: [INFO][Sync] Credentials changed for: EdgeSyncKeyDataScope
2024-12-11 09:27:08.053: [INFO][SyncAuthManager::EdgeLogTokenErrorState] Token error with: EDGE_AUTH_ERROR: 3, 13, 800704cf for account type: MSA
2024-12-11 09:27:08.053: [INFO][Sync] Credentials changed for: EdgeSyncScopeNew
2024-12-11 09:27:08.053: [WARN][Sync]    Token is empty
2024-12-11 09:27:08.068: [INFO][Sync] Connection status changed to: 2
2024-12-11 09:27:41.638: [INFO][SyncAuthManager::EdgeLogTokenErrorState] Token error with: EDGE_AUTH_ERROR: 3, 13, 800704cf for account type: MSA
2024-12-11 09:27:41.638: [INFO][Sync] Credentials changed for: EdgeSyncKeyDataScope
2024-12-11 09:27:42.532: [INFO][SyncAuthManager::EdgeLogTokenErrorState] Token error with: EDGE_AUTH_ERROR: 3, 13, 800704cf for account type: MSA
2024-12-11 09:27:42.532: [INFO][Sync] Credentials changed for: EdgeSyncScopeNew
2024-12-11 09:27:42.532: [WARN][Sync]    Token is empty
2024-12-11 09:27:42.546: [INFO][Sync] Connection status changed to: 2
2024-12-11 09:28:27.949: [INFO][SyncAuthManager::EdgeLogTokenErrorState] Token error with: EDGE_AUTH_ERROR: 3, 13, 800704cf for account type: MSA
2024-12-11 09:28:27.949: [INFO][Sync] Credentials changed for: EdgeSyncKeyDataScope
2024-12-11 09:29:38.188: [INFO][SyncAuthManager::SetLastAuthError] Current auth error: None
2024-12-11 09:29:38.188: [INFO][SyncAuthManager::EdgeLogTokenErrorState] Token error with: None for account type: MSA
2024-12-11 09:29:38.188: [INFO][Sync] Credentials changed for: EdgeSyncKeyDataScope
2024-12-11 09:29:38.188: [INFO][SyncEngineBackend::DoUpdateKeyDataCredentials] Update key data credentials
2024-12-11 09:29:43.538: [INFO][SyncAuthManager::SetLastAuthError] Current auth error: None
2024-12-11 09:29:43.538: [INFO][SyncAuthManager::EdgeLogTokenErrorState] Token error with: None for account type: MSA
2024-12-11 09:29:43.538: [INFO][Sync] Credentials changed for: EdgeSyncScopeNew
2024-12-11 09:29:43.538: [INFO][SyncEngineBackend::DoUpdateCredentials] Update credentials
2024-12-11 09:29:43.539: [INFO][SyncSchedulerImpl::DoConfigurationSyncCycleJob] Blocked types:  and types to download: Encryption Keys
2024-12-11 09:29:51.251: [INFO][SyncEngineBackend::DoUpdateKeyDataCredentials] Update key data credentials
2024-12-11 09:29:51.344: [INFO][Sync] Started DataTypeManager configuration, reason: 4
2024-12-11 09:29:51.344: [INFO][Sync] Configuring for: Bookmarks, Preferences, Passwords, Autofill Profiles, Autofill, Typed URLs, Extensions, Sessions, Extension settings, History Delete Directives, Device Info, User Consents, Send Tab To Self, Web Apps, Collection, Edge E Drop, Edge Hub App Usage, Edge Tab Group, Edge Wallet, Encryption Keys, reason: 4, current state: 0
2024-12-11 09:29:51.359: [INFO][Sync] Configure, desired: Bookmarks, Preferences, Typed URLs, Extensions, Sessions, Extension settings, History Delete Directives, Device Info, User Consents, Send Tab To Self, Web Apps, Collection, Edge E Drop, Edge Hub App Usage, Edge Tab Group, Edge Wallet, Encryption Keys; Allow fail: Passwords, Autofill Profiles, Autofill
2024-12-11 09:29:51.359: [INFO][Sync] Loading: Bookmarks
2024-12-11 09:29:51.359: [INFO][Sync] Loading: Preferences
2024-12-11 09:29:51.359: [INFO][Sync] Loading: Typed URLs
2024-12-11 09:29:51.359: [INFO][Sync] Loading: Extensions
2024-12-11 09:29:51.359: [INFO][Sync] Loading: Sessions
2024-12-11 09:29:51.359: [INFO][Sync] Loading: Extension settings
2024-12-11 09:29:51.359: [INFO][Sync] Loading: History Delete Directives
2024-12-11 09:29:51.359: [INFO][Sync] Loading: Device Info
2024-12-11 09:29:51.359: [INFO][Sync] Loading: User Consents
2024-12-11 09:29:51.359: [INFO][Sync] Loading: Send Tab To Self
2024-12-11 09:29:51.359: [INFO][Sync] Loading: Web Apps
2024-12-11 09:29:51.359: [INFO][Sync] Loading: Collection
2024-12-11 09:29:51.359: [INFO][Sync] Loading: Edge E Drop
2024-12-11 09:29:51.359: [INFO][Sync] Loading: Edge Hub App Usage
2024-12-11 09:29:51.359: [INFO][Sync] Loading: Edge Tab Group
2024-12-11 09:29:51.359: [INFO][Sync] Loading: Edge Wallet
2024-12-11 09:29:51.382: [INFO][Sync] All data types are ready for configure.
2024-12-11 09:30:24.289: [INFO][SyncEngineBackend::DoStartConfiguration] Start configuration
2024-12-11 09:30:24.289: [INFO][SyncManagerImpl::ConfigureSyncer] Types to download:  with reason: 4
2024-12-11 09:30:24.289: [INFO][SyncEngineBackend::DoFinishConfigureDataTypes] Failed to download types:  and succeeded types: 
2024-12-11 09:30:24.297: [INFO][Sync] Started DataTypeManager configuration, reason: 5
2024-12-11 09:30:24.297: [INFO][Sync] Configuring for: Bookmarks, Preferences, Passwords, Autofill Profiles, Autofill, Typed URLs, Extensions, Sessions, Extension settings, History Delete Directives, Device Info, User Consents, Send Tab To Self, Web Apps, Collection, Edge E Drop, Edge Hub App Usage, Edge Tab Group, Edge Wallet, Encryption Keys, reason: 5, current state: 1
2024-12-11 09:30:24.311: [INFO][Sync] ConfigurationDone, failed: , succeeded: , remaining count: 3
2024-12-11 09:30:24.311: [WARN][Sync]     Reconfigure requested while configuration ongoing.
2024-12-11 09:30:24.311: [INFO][Sync] Configuring for: Bookmarks, Preferences, Passwords, Autofill Profiles, Autofill, Typed URLs, Extensions, Sessions, Extension settings, History Delete Directives, Device Info, User Consents, Send Tab To Self, Web Apps, Collection, Edge E Drop, Edge Hub App Usage, Edge Tab Group, Edge Wallet, Encryption Keys, reason: 5, current state: 2
2024-12-11 09:30:24.311: [INFO][Sync] Configure, desired: Bookmarks, Preferences, Passwords, Autofill Profiles, Autofill, Typed URLs, Extensions, Sessions, Extension settings, History Delete Directives, Device Info, User Consents, Send Tab To Self, Web Apps, Collection, Edge E Drop, Edge Hub App Usage, Edge Tab Group, Edge Wallet, Encryption Keys; Allow fail: 
2024-12-11 09:30:24.311: [INFO][Sync] Loading: Passwords
2024-12-11 09:30:24.311: [INFO][Sync] Loading: Autofill Profiles
2024-12-11 09:30:24.311: [INFO][Sync] Loading: Autofill
2024-12-11 09:30:24.311: [INFO][Sync] All data types are ready for configure.
2024-12-11 09:30:24.311: [INFO][SyncManagerImpl::NudgeForInitialDownload] Initial download nudge for Passwords
2024-12-11 09:30:24.311: [INFO][SyncManagerImpl::ConfigureSyncer] Types to download:  with reason: 5
2024-12-11 09:30:24.311: [INFO][SyncEngineBackend::DoFinishConfigureDataTypes] Failed to download types:  and succeeded types: 
2024-12-11 09:30:24.312: [INFO][Sync] ConfigurationDone, failed: , succeeded: , remaining count: 3
2024-12-11 09:30:24.312: [INFO][Sync] Prepare to configure types: Passwords, Encryption Keys
2024-12-11 09:30:24.312: [INFO][SyncManagerImpl::ConfigureSyncer] Types to download: Passwords, Encryption Keys with reason: 5
2024-12-11 09:30:24.312: [INFO][SyncSchedulerImpl::DoConfigurationSyncCycleJob] Blocked types:  and types to download: Passwords, Encryption Keys
2024-12-11 09:30:31.670: [INFO][SyncEngineBackend::DoFinishConfigureDataTypes] Failed to download types:  and succeeded types: Passwords, Encryption Keys
2024-12-11 09:30:31.686: [INFO][Sync] ConfigurationDone, failed: , succeeded: Passwords, Encryption Keys, remaining count: 2
2024-12-11 09:30:31.686: [INFO][SyncManagerImpl::ConfigureSyncer] Types to download:  with reason: 5
2024-12-11 09:30:31.686: [INFO][SyncEngineBackend::DoFinishConfigureDataTypes] Failed to download types:  and succeeded types: 
2024-12-11 09:30:31.686: [INFO][Sync] ConfigurationDone, failed: , succeeded: , remaining count: 1
2024-12-11 09:30:31.705: [INFO][SyncManagerImpl::ConfigureSyncer] Types to download:  with reason: 5
2024-12-11 09:30:31.705: [INFO][SyncEngineBackend::DoFinishConfigureDataTypes] Failed to download types:  and succeeded types: 
2024-12-11 09:30:31.705: [INFO][Sync] ConfigurationDone, failed: , succeeded: , remaining count: 0
2024-12-11 09:30:31.722: [INFO][Sync]     Configuration completed, state: 7
2024-12-11 09:30:31.722: [INFO][Sync] Configured DataTypeManager: Ok
2024-12-11 09:30:31.739: [INFO][SyncEngineBackend::DoStartSyncing] Start syncing
2024-12-11 09:31:45.088: [INFO][Sync] SyncState after authenticated was: FeatureCanStart
2024-12-11 09:31:53.900: [INFO][SyncAuthManager::SetLastAuthError] Current auth error: None
2024-12-11 09:31:53.900: [INFO][SyncAuthManager::EdgeLogTokenErrorState] Token error with: None for account type: MSA
2024-12-11 09:31:53.900: [INFO][Sync] Credentials changed for: EdgeSyncKeyDataScope
2024-12-11 09:31:55.199: [INFO][Sync] Try to start sync engine
2024-12-11 09:31:55.200: [INFO][SyncManagerImpl::NudgeForInitialDownload] Initial download nudge for Encryption Keys
2024-12-11 09:31:55.200: [INFO][SyncEngineBackend::LoadAndConnectNigoriController] Load and connect Nigori controller
2024-12-11 09:31:55.200: [INFO][SyncEngineBackend::DoInitialize] Control Types added: Encryption Keys
2024-12-11 09:31:55.200: [INFO][SyncManagerImpl::ConfigureSyncer] Types to download: Encryption Keys with reason: 3
2024-12-11 09:31:55.200: [INFO][SyncEngineBackend::DoUpdateKeyDataCredentials] Update key data credentials
2024-12-11 09:31:55.200: [INFO][SyncSchedulerImpl::DoConfigurationSyncCycleJob] Configure job was blocked
2024-12-11 09:31:55.226: [INFO][SyncAuthManager::SetLastAuthError] Current auth error: None
2024-12-11 09:31:55.226: [INFO][SyncAuthManager::EdgeLogTokenErrorState] Token error with: None for account type: MSA
2024-12-11 09:31:55.226: [INFO][Sync] Credentials changed for: EdgeSyncScopeNew
2024-12-11 09:31:55.226: [INFO][SyncEngineBackend::DoUpdateCredentials] Update credentials
2024-12-11 09:31:55.226: [INFO][SyncSchedulerImpl::DoConfigurationSyncCycleJob] Blocked types:  and types to download: Encryption Keys
2024-12-11 09:32:29.207: [INFO][SyncSchedulerImpl::OnSyncNetworkError] Syncer error: Network error (ERR_CONNECTION_RESET)
2024-12-11 09:32:29.207: [INFO][SyncSchedulerImpl::DoConfigurationSyncCycleJob] Syncer error: Success
2024-12-11 09:32:29.207: [INFO][SyncEngineBackend::DoUpdateKeyDataCredentials] Update key data credentials
2024-12-11 09:32:29.224: [WARN][Sync] NetworkError: Network error (ERR_CONNECTION_RESET)
2024-12-11 09:33:44.220: [INFO][SyncSchedulerImpl::DoConfigurationSyncCycleJob] Blocked types:  and types to download: Encryption Keys
2024-12-11 09:34:21.970: [INFO][Sync] Started DataTypeManager configuration, reason: 4
2024-12-11 09:34:21.970: [INFO][Sync] Configuring for: Bookmarks, Preferences, Passwords, Autofill Profiles, Autofill, Typed URLs, Extensions, Sessions, Extension settings, History Delete Directives, Device Info, User Consents, Send Tab To Self, Web Apps, Collection, Edge E Drop, Edge Hub App Usage, Edge Tab Group, Edge Wallet, Encryption Keys, reason: 4, current state: 0
2024-12-11 09:34:21.985: [INFO][Sync] Configure, desired: Bookmarks, Preferences, Typed URLs, Extensions, Sessions, Extension settings, History Delete Directives, Device Info, User Consents, Send Tab To Self, Web Apps, Collection, Edge E Drop, Edge Hub App Usage, Edge Tab Group, Edge Wallet, Encryption Keys; Allow fail: Passwords, Autofill Profiles, Autofill
2024-12-11 09:34:21.985: [INFO][Sync] Loading: Bookmarks
2024-12-11 09:34:21.985: [INFO][Sync] Loading: Preferences
2024-12-11 09:34:21.985: [INFO][Sync] Loading: Typed URLs
2024-12-11 09:34:21.985: [INFO][Sync] Loading: Extensions
2024-12-11 09:34:21.985: [INFO][Sync] Loading: Sessions
2024-12-11 09:34:21.985: [INFO][Sync] Loading: Extension settings
2024-12-11 09:34:21.985: [INFO][Sync] Loading: History Delete Directives
2024-12-11 09:34:21.985: [INFO][Sync] Loading: Device Info
2024-12-11 09:34:21.985: [INFO][Sync] Loading: User Consents
2024-12-11 09:34:21.985: [INFO][Sync] Loading: Send Tab To Self
2024-12-11 09:34:21.985: [INFO][Sync] Loading: Web Apps
2024-12-11 09:34:21.985: [INFO][Sync] Loading: Collection
2024-12-11 09:34:21.985: [INFO][Sync] Loading: Edge E Drop
2024-12-11 09:34:21.985: [INFO][Sync] Loading: Edge Hub App Usage
2024-12-11 09:34:21.985: [INFO][Sync] Loading: Edge Tab Group
2024-12-11 09:34:21.985: [INFO][Sync] Loading: Edge Wallet
2024-12-11 09:34:22.018: [INFO][Sync] All data types are ready for configure.
2024-12-11 09:34:53.439: [INFO][SyncEngineBackend::DoStartConfiguration] Start configuration
2024-12-11 09:34:53.440: [INFO][SyncManagerImpl::ConfigureSyncer] Types to download:  with reason: 4
2024-12-11 09:34:53.440: [INFO][SyncEngineBackend::DoFinishConfigureDataTypes] Failed to download types:  and succeeded types: 
2024-12-11 09:34:53.440: [INFO][Sync] ConfigurationDone, failed: , succeeded: , remaining count: 3
2024-12-11 09:34:53.440: [INFO][SyncManagerImpl::ConfigureSyncer] Types to download:  with reason: 4
2024-12-11 09:34:53.440: [INFO][SyncEngineBackend::DoFinishConfigureDataTypes] Failed to download types:  and succeeded types: 
2024-12-11 09:34:53.440: [INFO][Sync] ConfigurationDone, failed: , succeeded: , remaining count: 2
2024-12-11 09:34:53.440: [INFO][SyncManagerImpl::ConfigureSyncer] Types to download:  with reason: 4
2024-12-11 09:34:53.440: [INFO][SyncEngineBackend::DoFinishConfigureDataTypes] Failed to download types:  and succeeded types: 
2024-12-11 09:34:53.440: [INFO][Sync] ConfigurationDone, failed: , succeeded: , remaining count: 1
2024-12-11 09:34:53.455: [INFO][SyncManagerImpl::ConfigureSyncer] Types to download:  with reason: 4
2024-12-11 09:34:53.455: [INFO][SyncEngineBackend::DoFinishConfigureDataTypes] Failed to download types:  and succeeded types: 
2024-12-11 09:34:53.458: [INFO][Sync] ConfigurationDone, failed: , succeeded: , remaining count: 0
2024-12-11 09:34:53.477: [INFO][Sync]     Configuration completed, state: 3
2024-12-11 09:34:53.477: [INFO][Sync] Configured DataTypeManager: Ok
2024-12-11 09:34:53.491: [INFO][SyncEngineBackend::DoStartSyncing] Start syncing
2024-12-11 09:36:13.933: [INFO][Sync] Connection status changed to: 2
2024-12-11 09:36:13.982: [INFO][SyncAuthManager::SetLastAuthError] Current auth error: None
2024-12-11 09:36:13.982: [INFO][SyncAuthManager::EdgeLogTokenErrorState] Token error with: None for account type: MSA
2024-12-11 09:36:13.982: [INFO][Sync] Credentials changed for: EdgeSyncScopeNew
2024-12-11 09:37:26.097: [INFO][SyncSchedulerImpl::OnSyncNetworkError] Syncer error: Network error (ERR_CONNECTION_RESET)
2024-12-11 09:37:26.097: [INFO][Commit::ReportFullCommitFailure] Commit Sessions failed with error: NetworkError
2024-12-11 09:37:26.097: [INFO][SyncSchedulerImpl::DoNudgeSyncCycleJob] Syncer error: Network error (ERR_CONNECTION_RESET)
2024-12-11 09:37:26.113: [WARN][Sync] NetworkError: Network error (ERR_CONNECTION_RESET)
2024-12-11 09:37:50.713: [INFO][SyncAuthManager::SetLastAuthError] Current auth error: None
2024-12-11 09:37:50.713: [INFO][SyncAuthManager::EdgeLogTokenErrorState] Token error with: None for account type: MSA
2024-12-11 09:37:50.713: [INFO][Sync] Credentials changed for: EdgeSyncKeyDataScope
2024-12-11 09:37:50.714: [INFO][SyncEngineBackend::DoUpdateKeyDataCredentials] Update key data credentials
2024-12-11 09:37:50.714: [INFO][SyncEngineBackend::DoUpdateCredentials] Update credentials
2024-12-11 09:39:27.515: [INFO][Sync] SyncState after authenticated was: FeatureCanStart
2024-12-11 09:39:37.638: [INFO][Sync] Try to start sync engine
2024-12-11 09:39:37.639: [INFO][SyncManagerImpl::NudgeForInitialDownload] Initial download nudge for Encryption Keys
2024-12-11 09:39:37.639: [INFO][SyncEngineBackend::LoadAndConnectNigoriController] Load and connect Nigori controller
2024-12-11 09:39:37.639: [INFO][SyncEngineBackend::DoInitialize] Control Types added: Encryption Keys
2024-12-11 09:39:37.639: [INFO][SyncManagerImpl::ConfigureSyncer] Types to download: Encryption Keys with reason: 3
2024-12-11 09:39:37.639: [INFO][SyncSchedulerImpl::DoConfigurationSyncCycleJob] Configure job was blocked
2024-12-11 09:42:04.082: [INFO][SyncAuthManager::SetLastAuthError] Current auth error: None
2024-12-11 09:42:04.082: [INFO][SyncAuthManager::EdgeLogTokenErrorState] Token error with: None for account type: MSA
2024-12-11 09:42:04.082: [INFO][Sync] Credentials changed for: EdgeSyncScopeNew
2024-12-11 09:42:04.094: [INFO][SyncAuthManager::SetLastAuthError] Current auth error: None
2024-12-11 09:42:04.094: [INFO][SyncAuthManager::EdgeLogTokenErrorState] Token error with: None for account type: MSA
2024-12-11 09:42:04.094: [INFO][Sync] Credentials changed for: EdgeSyncKeyDataScope
2024-12-11 09:42:04.094: [INFO][SyncEngineBackend::DoUpdateKeyDataCredentials] Update key data credentials
2024-12-11 09:42:04.094: [INFO][SyncEngineBackend::DoUpdateCredentials] Update credentials
2024-12-11 09:42:04.094: [INFO][SyncSchedulerImpl::DoConfigurationSyncCycleJob] Blocked types:  and types to download: Encryption Keys
2024-12-11 09:42:15.732: [INFO][Sync] Started DataTypeManager configuration, reason: 4
2024-12-11 09:42:15.732: [INFO][Sync] Configuring for: Bookmarks, Preferences, Passwords, Autofill Profiles, Autofill, Typed URLs, Extensions, Sessions, Extension settings, History Delete Directives, Device Info, User Consents, Send Tab To Self, Web Apps, Collection, Edge E Drop, Edge Hub App Usage, Edge Tab Group, Edge Wallet, Encryption Keys, reason: 4, current state: 0
2024-12-11 09:42:15.746: [INFO][Sync] Configure, desired: Bookmarks, Preferences, Typed URLs, Extensions, Sessions, Extension settings, History Delete Directives, Device Info, User Consents, Send Tab To Self, Web Apps, Collection, Edge E Drop, Edge Hub App Usage, Edge Tab Group, Edge Wallet, Encryption Keys; Allow fail: Passwords, Autofill Profiles, Autofill
2024-12-11 09:42:15.746: [INFO][Sync] Loading: Bookmarks
2024-12-11 09:42:15.746: [INFO][Sync] Loading: Preferences
2024-12-11 09:42:15.746: [INFO][Sync] Loading: Typed URLs
2024-12-11 09:42:15.746: [INFO][Sync] Loading: Extensions
2024-12-11 09:42:15.746: [INFO][Sync] Loading: Sessions
2024-12-11 09:42:15.746: [INFO][Sync] Loading: Extension settings
2024-12-11 09:42:15.746: [INFO][Sync] Loading: History Delete Directives
2024-12-11 09:42:15.747: [INFO][Sync] Loading: Device Info
2024-12-11 09:42:15.747: [INFO][Sync] Loading: User Consents
2024-12-11 09:42:15.747: [INFO][Sync] Loading: Send Tab To Self
2024-12-11 09:42:15.747: [INFO][Sync] Loading: Web Apps
2024-12-11 09:42:15.747: [INFO][Sync] Loading: Collection
2024-12-11 09:42:15.747: [INFO][Sync] Loading: Edge E Drop
2024-12-11 09:42:15.747: [INFO][Sync] Loading: Edge Hub App Usage
2024-12-11 09:42:15.747: [INFO][Sync] Loading: Edge Tab Group
2024-12-11 09:42:15.747: [INFO][Sync] Loading: Edge Wallet
2024-12-11 09:42:15.767: [INFO][Sync] All data types are ready for configure.
2024-12-11 09:42:54.756: [INFO][SyncEngineBackend::DoStartConfiguration] Start configuration
2024-12-11 09:42:54.756: [INFO][SyncManagerImpl::ConfigureSyncer] Types to download:  with reason: 4
2024-12-11 09:42:54.756: [INFO][SyncEngineBackend::DoFinishConfigureDataTypes] Failed to download types:  and succeeded types: 
2024-12-11 09:42:54.756: [INFO][Sync] ConfigurationDone, failed: , succeeded: , remaining count: 3
2024-12-11 09:42:54.756: [INFO][SyncManagerImpl::ConfigureSyncer] Types to download:  with reason: 4
2024-12-11 09:42:54.756: [INFO][SyncEngineBackend::DoFinishConfigureDataTypes] Failed to download types:  and succeeded types: 
2024-12-11 09:42:54.756: [INFO][Sync] ConfigurationDone, failed: , succeeded: , remaining count: 2
2024-12-11 09:42:54.757: [INFO][SyncManagerImpl::ConfigureSyncer] Types to download:  with reason: 4
2024-12-11 09:42:54.757: [INFO][SyncEngineBackend::DoFinishConfigureDataTypes] Failed to download types:  and succeeded types: 
2024-12-11 09:42:54.757: [INFO][Sync] ConfigurationDone, failed: , succeeded: , remaining count: 1
2024-12-11 09:42:54.772: [INFO][SyncManagerImpl::ConfigureSyncer] Types to download:  with reason: 4
2024-12-11 09:42:54.772: [INFO][SyncEngineBackend::DoFinishConfigureDataTypes] Failed to download types:  and succeeded types: 
2024-12-11 09:42:54.775: [INFO][Sync] ConfigurationDone, failed: , succeeded: , remaining count: 0
2024-12-11 09:42:54.790: [INFO][Sync]     Configuration completed, state: 3
2024-12-11 09:42:54.790: [INFO][Sync] Configured DataTypeManager: Ok
2024-12-11 09:42:54.805: [INFO][SyncEngineBackend::DoStartSyncing] Start syncing
2024-12-11 09:43:25.508: [INFO][Sync] Started DataTypeManager configuration, reason: 5
2024-12-11 09:43:25.508: [INFO][Sync] Configuring for: Bookmarks, Preferences, Passwords, Autofill Profiles, Autofill, Typed URLs, Extensions, Sessions, Extension settings, History Delete Directives, Device Info, User Consents, Send Tab To Self, Web Apps, Collection, Edge E Drop, Edge Hub App Usage, Edge Tab Group, Edge Wallet, Encryption Keys, reason: 5, current state: 3
2024-12-11 09:43:25.508: [INFO][SyncEngineBackend::DoStartConfiguration] Start configuration
2024-12-11 09:43:25.524: [INFO][Sync] Configure, desired: Bookmarks, Preferences, Passwords, Autofill Profiles, Autofill, Typed URLs, Extensions, Sessions, Extension settings, History Delete Directives, Device Info, User Consents, Send Tab To Self, Web Apps, Collection, Edge E Drop, Edge Hub App Usage, Edge Tab Group, Edge Wallet, Encryption Keys; Allow fail: 
2024-12-11 09:43:25.524: [INFO][Sync] Loading: Passwords
2024-12-11 09:43:25.524: [INFO][Sync] Loading: Autofill Profiles
2024-12-11 09:43:25.524: [INFO][Sync] Loading: Autofill
2024-12-11 09:43:25.540: [INFO][Sync] All data types are ready for configure.
2024-12-11 09:43:25.540: [INFO][SyncManagerImpl::NudgeForInitialDownload] Initial download nudge for Passwords
2024-12-11 09:43:25.540: [INFO][SyncManagerImpl::ConfigureSyncer] Types to download:  with reason: 5
2024-12-11 09:43:25.540: [INFO][SyncEngineBackend::DoFinishConfigureDataTypes] Failed to download types:  and succeeded types: 
2024-12-11 09:43:25.543: [INFO][Sync] ConfigurationDone, failed: , succeeded: , remaining count: 3
2024-12-11 09:43:25.543: [INFO][Sync] Prepare to configure types: Passwords, Encryption Keys
2024-12-11 09:43:25.543: [INFO][SyncManagerImpl::ConfigureSyncer] Types to download: Passwords, Encryption Keys with reason: 5
2024-12-11 09:43:25.543: [INFO][SyncSchedulerImpl::DoConfigurationSyncCycleJob] Blocked types:  and types to download: Passwords, Encryption Keys
2024-12-11 09:43:33.807: [INFO][SyncEngineBackend::DoFinishConfigureDataTypes] Failed to download types:  and succeeded types: Passwords, Encryption Keys
2024-12-11 09:43:33.824: [INFO][Sync] ConfigurationDone, failed: , succeeded: Passwords, Encryption Keys, remaining count: 2
2024-12-11 09:43:33.824: [INFO][SyncManagerImpl::ConfigureSyncer] Types to download:  with reason: 5
2024-12-11 09:43:33.824: [INFO][SyncEngineBackend::DoFinishConfigureDataTypes] Failed to download types:  and succeeded types: 
2024-12-11 09:43:33.824: [INFO][Sync] ConfigurationDone, failed: , succeeded: , remaining count: 1
2024-12-11 09:43:33.838: [INFO][SyncManagerImpl::ConfigureSyncer] Types to download:  with reason: 5
2024-12-11 09:43:33.838: [INFO][SyncEngineBackend::DoFinishConfigureDataTypes] Failed to download types:  and succeeded types: 
2024-12-11 09:43:33.839: [INFO][Sync] ConfigurationDone, failed: , succeeded: , remaining count: 0
2024-12-11 09:43:33.852: [INFO][Sync]     Configuration completed, state: 3
2024-12-11 09:43:33.852: [INFO][Sync] Configured DataTypeManager: Ok
2024-12-11 09:43:33.867: [INFO][SyncEngineBackend::DoStartSyncing] Start syncing
2024-12-11 09:44:45.131: [INFO][SyncSchedulerImpl::OnSyncNetworkError] Syncer error: Network error (ERR_NETWORK_IO_SUSPENDED)
2024-12-11 09:44:45.131: [INFO][SyncSchedulerImpl::DoNudgeSyncCycleJob] Syncer error: Success
2024-12-11 09:44:45.157: [WARN][Sync] NetworkError: Network error (ERR_NETWORK_IO_SUSPENDED)
2024-12-11 09:52:14.376: [INFO][Sync] Reset engine, reason: 0
2024-12-11 09:52:14.376: [INFO][Sync] Reset engine with reason: 0
2024-12-11 09:52:14.376: [INFO][SyncSchedulerImpl::OnSyncNetworkError] Syncer error: Network error (ERR_ABORTED)
2024-12-11 09:52:14.377: [INFO][SyncSchedulerImpl::DoNudgeSyncCycleJob] Syncer error: Success
2024-12-11 09:58:54.896: [INFO][Sync] SyncState after authenticated was: FeatureCanStart
2024-12-11 09:58:56.919: [INFO][SyncAuthManager::SetLastAuthError] Current auth error: None
2024-12-11 09:58:56.919: [INFO][SyncAuthManager::EdgeLogTokenErrorState] Token error with: None for account type: MSA
2024-12-11 09:58:56.919: [INFO][Sync] Credentials changed for: EdgeSyncKeyDataScope
2024-12-11 09:59:00.954: [INFO][Sync] Try to start sync engine
2024-12-11 09:59:00.955: [INFO][SyncManagerImpl::NudgeForInitialDownload] Initial download nudge for Encryption Keys
2024-12-11 09:59:00.955: [INFO][SyncEngineBackend::LoadAndConnectNigoriController] Load and connect Nigori controller
2024-12-11 09:59:00.955: [INFO][SyncEngineBackend::DoInitialize] Control Types added: Encryption Keys
2024-12-11 09:59:00.955: [INFO][SyncManagerImpl::ConfigureSyncer] Types to download: Encryption Keys with reason: 3
2024-12-11 09:59:00.955: [INFO][SyncEngineBackend::DoUpdateKeyDataCredentials] Update key data credentials
2024-12-11 09:59:00.955: [INFO][SyncSchedulerImpl::DoConfigurationSyncCycleJob] Configure job was blocked
2024-12-11 09:59:00.983: [INFO][SyncAuthManager::SetLastAuthError] Current auth error: None
2024-12-11 09:59:00.983: [INFO][SyncAuthManager::EdgeLogTokenErrorState] Token error with: None for account type: MSA
2024-12-11 09:59:00.983: [INFO][Sync] Credentials changed for: EdgeSyncScopeNew
2024-12-11 09:59:00.983: [INFO][SyncEngineBackend::DoUpdateCredentials] Update credentials
2024-12-11 09:59:00.983: [INFO][SyncEngineBackend::DoUpdateKeyDataCredentials] Update key data credentials
2024-12-11 09:59:00.983: [INFO][SyncSchedulerImpl::DoConfigurationSyncCycleJob] Blocked types:  and types to download: Encryption Keys
2024-12-11 09:59:04.823: [INFO][Sync] Started DataTypeManager configuration, reason: 4
2024-12-11 09:59:04.823: [INFO][Sync] Configuring for: Bookmarks, Preferences, Passwords, Autofill Profiles, Autofill, Typed URLs, Extensions, Sessions, Extension settings, History Delete Directives, Device Info, User Consents, Send Tab To Self, Web Apps, Collection, Edge E Drop, Edge Hub App Usage, Edge Tab Group, Edge Wallet, Encryption Keys, reason: 4, current state: 0
2024-12-11 09:59:04.844: [INFO][Sync] Configure, desired: Bookmarks, Preferences, Typed URLs, Extensions, Sessions, Extension settings, History Delete Directives, Device Info, User Consents, Send Tab To Self, Web Apps, Collection, Edge E Drop, Edge Hub App Usage, Edge Tab Group, Edge Wallet, Encryption Keys; Allow fail: Passwords, Autofill Profiles, Autofill
2024-12-11 09:59:04.844: [INFO][Sync] Loading: Bookmarks
2024-12-11 09:59:04.844: [INFO][Sync] Loading: Preferences
2024-12-11 09:59:04.844: [INFO][Sync] Loading: Typed URLs
2024-12-11 09:59:04.844: [INFO][Sync] Loading: Extensions
2024-12-11 09:59:04.844: [INFO][Sync] Loading: Sessions
2024-12-11 09:59:04.844: [INFO][Sync] Loading: Extension settings
2024-12-11 09:59:04.844: [INFO][Sync] Loading: History Delete Directives
2024-12-11 09:59:04.844: [INFO][Sync] Loading: Device Info
2024-12-11 09:59:04.844: [INFO][Sync] Loading: User Consents
2024-12-11 09:59:04.844: [INFO][Sync] Loading: Send Tab To Self
2024-12-11 09:59:04.844: [INFO][Sync] Loading: Web Apps
2024-12-11 09:59:04.844: [INFO][Sync] Loading: Collection
2024-12-11 09:59:04.844: [INFO][Sync] Loading: Edge E Drop
2024-12-11 09:59:04.844: [INFO][Sync] Loading: Edge Hub App Usage
2024-12-11 09:59:04.844: [INFO][Sync] Loading: Edge Tab Group
2024-12-11 09:59:04.844: [INFO][Sync] Loading: Edge Wallet
2024-12-11 09:59:04.876: [INFO][Sync] All data types are ready for configure.
2024-12-11 09:59:05.761: [INFO][SyncEngineBackend::DoStartConfiguration] Start configuration
2024-12-11 09:59:05.761: [INFO][SyncManagerImpl::ConfigureSyncer] Types to download:  with reason: 4
2024-12-11 09:59:05.761: [INFO][SyncEngineBackend::DoFinishConfigureDataTypes] Failed to download types:  and succeeded types: 
2024-12-11 09:59:05.768: [INFO][Sync] Started DataTypeManager configuration, reason: 5
2024-12-11 09:59:05.768: [INFO][Sync] Configuring for: Bookmarks, Preferences, Passwords, Autofill Profiles, Autofill, Typed URLs, Extensions, Sessions, Extension settings, History Delete Directives, Device Info, User Consents, Send Tab To Self, Web Apps, Collection, Edge E Drop, Edge Hub App Usage, Edge Tab Group, Edge Wallet, Encryption Keys, reason: 5, current state: 1
2024-12-11 09:59:05.781: [INFO][Sync] ConfigurationDone, failed: , succeeded: , remaining count: 3
2024-12-11 09:59:05.781: [WARN][Sync]     Reconfigure requested while configuration ongoing.
2024-12-11 09:59:05.781: [INFO][Sync] Configuring for: Bookmarks, Preferences, Passwords, Autofill Profiles, Autofill, Typed URLs, Extensions, Sessions, Extension settings, History Delete Directives, Device Info, User Consents, Send Tab To Self, Web Apps, Collection, Edge E Drop, Edge Hub App Usage, Edge Tab Group, Edge Wallet, Encryption Keys, reason: 5, current state: 2
2024-12-11 09:59:05.781: [INFO][Sync] Configure, desired: Bookmarks, Preferences, Passwords, Autofill Profiles, Autofill, Typed URLs, Extensions, Sessions, Extension settings, History Delete Directives, Device Info, User Consents, Send Tab To Self, Web Apps, Collection, Edge E Drop, Edge Hub App Usage, Edge Tab Group, Edge Wallet, Encryption Keys; Allow fail: 
2024-12-11 09:59:05.781: [INFO][Sync] Loading: Passwords
2024-12-11 09:59:05.781: [INFO][Sync] Loading: Autofill Profiles
2024-12-11 09:59:05.781: [INFO][Sync] Loading: Autofill
2024-12-11 09:59:05.781: [INFO][Sync] All data types are ready for configure.
2024-12-11 09:59:05.781: [INFO][SyncManagerImpl::NudgeForInitialDownload] Initial download nudge for Passwords
2024-12-11 09:59:05.781: [INFO][SyncManagerImpl::ConfigureSyncer] Types to download:  with reason: 5
2024-12-11 09:59:05.781: [INFO][SyncEngineBackend::DoFinishConfigureDataTypes] Failed to download types:  and succeeded types: 
2024-12-11 09:59:05.781: [INFO][Sync] ConfigurationDone, failed: , succeeded: , remaining count: 3
2024-12-11 09:59:05.781: [INFO][Sync] Prepare to configure types: Passwords, Encryption Keys
2024-12-11 09:59:05.781: [INFO][SyncManagerImpl::ConfigureSyncer] Types to download: Passwords, Encryption Keys with reason: 5
2024-12-11 09:59:05.781: [INFO][SyncSchedulerImpl::DoConfigurationSyncCycleJob] Blocked types:  and types to download: Passwords, Encryption Keys
2024-12-11 09:59:07.685: [INFO][SyncEngineBackend::DoFinishConfigureDataTypes] Failed to download types:  and succeeded types: Passwords, Encryption Keys
2024-12-11 09:59:07.699: [INFO][Sync] ConfigurationDone, failed: , succeeded: Passwords, Encryption Keys, remaining count: 2
2024-12-11 09:59:07.699: [INFO][SyncManagerImpl::ConfigureSyncer] Types to download:  with reason: 5
2024-12-11 09:59:07.699: [INFO][SyncEngineBackend::DoFinishConfigureDataTypes] Failed to download types:  and succeeded types: 
2024-12-11 09:59:07.699: [INFO][Sync] ConfigurationDone, failed: , succeeded: , remaining count: 1
2024-12-11 09:59:07.712: [INFO][SyncManagerImpl::ConfigureSyncer] Types to download:  with reason: 5
2024-12-11 09:59:07.712: [INFO][SyncEngineBackend::DoFinishConfigureDataTypes] Failed to download types:  and succeeded types: 
2024-12-11 09:59:07.712: [INFO][Sync] ConfigurationDone, failed: , succeeded: , remaining count: 0
2024-12-11 09:59:07.726: [INFO][Sync]     Configuration completed, state: 7
2024-12-11 09:59:07.726: [INFO][Sync] Configured DataTypeManager: Ok
2024-12-11 09:59:07.739: [INFO][SyncEngineBackend::DoStartSyncing] Start syncing
2024-12-11 10:22:28.369: [INFO][SyncSchedulerImpl::OnSyncNetworkError] Syncer error: Network error (ERR_NAME_NOT_RESOLVED)
2024-12-11 10:22:28.369: [INFO][Commit::ReportFullCommitFailure] Commit Sessions failed with error: NetworkError
2024-12-11 10:22:28.370: [INFO][SyncSchedulerImpl::DoNudgeSyncCycleJob] Syncer error: Network error (ERR_NAME_NOT_RESOLVED)
2024-12-11 10:22:28.385: [WARN][Sync] NetworkError: Network error (ERR_NAME_NOT_RESOLVED)
2024-12-11 11:19:15.385: [INFO][Sync] Reset engine, reason: 0
2024-12-11 11:19:15.385: [INFO][Sync] Reset engine with reason: 0
2024-12-19 09:24:30.731: [INFO][Sync] SyncState after authenticated was: FeatureCanStart
2024-12-19 09:24:31.755: [INFO][Sync] Try to start sync engine
2024-12-19 09:24:31.756: [INFO][SyncManagerImpl::NudgeForInitialDownload] Initial download nudge for Encryption Keys
2024-12-19 09:24:31.756: [INFO][SyncEngineBackend::LoadAndConnectNigoriController] Load and connect Nigori controller
2024-12-19 09:24:31.756: [INFO][SyncEngineBackend::DoInitialize] Control Types added: Encryption Keys
2024-12-19 09:24:31.756: [INFO][SyncManagerImpl::ConfigureSyncer] Types to download: Encryption Keys with reason: 3
2024-12-19 09:24:31.756: [INFO][SyncSchedulerImpl::DoConfigurationSyncCycleJob] Configure job was blocked
2024-12-19 09:24:31.798: [INFO][SyncAuthManager::SetLastAuthError] Current auth error: None
2024-12-19 09:24:31.798: [INFO][SyncAuthManager::EdgeLogTokenErrorState] Token error with: None for account type: MSA
2024-12-19 09:24:31.798: [INFO][Sync] Credentials changed for: EdgeSyncScopeNew
2024-12-19 09:24:31.893: [INFO][SyncAuthManager::SetLastAuthError] Current auth error: None
2024-12-19 09:24:31.893: [INFO][SyncAuthManager::EdgeLogTokenErrorState] Token error with: None for account type: MSA
2024-12-19 09:24:31.893: [INFO][Sync] Credentials changed for: EdgeSyncKeyDataScope
2024-12-19 09:24:31.893: [INFO][SyncEngineBackend::DoUpdateKeyDataCredentials] Update key data credentials
2024-12-19 09:24:31.893: [INFO][SyncEngineBackend::DoUpdateCredentials] Update credentials
2024-12-19 09:24:31.893: [INFO][SyncSchedulerImpl::DoConfigurationSyncCycleJob] Blocked types:  and types to download: Encryption Keys
2024-12-19 09:24:32.943: [INFO][Sync] Started DataTypeManager configuration, reason: 4
2024-12-19 09:24:32.943: [INFO][Sync] Configuring for: Bookmarks, Preferences, Passwords, Autofill Profiles, Autofill, Typed URLs, Extensions, Sessions, Extension settings, History Delete Directives, Device Info, User Consents, Send Tab To Self, Web Apps, Collection, Edge E Drop, Edge Hub App Usage, Edge Tab Group, Edge Wallet, Encryption Keys, reason: 4, current state: 0
2024-12-19 09:24:32.959: [INFO][Sync] Configure, desired: Bookmarks, Preferences, Typed URLs, Extensions, Sessions, Extension settings, History Delete Directives, Device Info, User Consents, Send Tab To Self, Web Apps, Collection, Edge E Drop, Edge Hub App Usage, Edge Tab Group, Edge Wallet, Encryption Keys; Allow fail: Passwords, Autofill Profiles, Autofill
2024-12-19 09:24:32.959: [INFO][Sync] Loading: Bookmarks
2024-12-19 09:24:32.959: [INFO][Sync] Loading: Preferences
2024-12-19 09:24:32.959: [INFO][Sync] Loading: Typed URLs
2024-12-19 09:24:32.959: [INFO][Sync] Loading: Extensions
2024-12-19 09:24:32.959: [INFO][Sync] Loading: Sessions
2024-12-19 09:24:32.959: [INFO][Sync] Loading: Extension settings
2024-12-19 09:24:32.959: [INFO][Sync] Loading: History Delete Directives
2024-12-19 09:24:32.959: [INFO][Sync] Loading: Device Info
2024-12-19 09:24:32.959: [INFO][Sync] Loading: User Consents
2024-12-19 09:24:32.959: [INFO][Sync] Loading: Send Tab To Self
2024-12-19 09:24:32.959: [INFO][Sync] Loading: Web Apps
2024-12-19 09:24:32.959: [INFO][Sync] Loading: Collection
2024-12-19 09:24:32.959: [INFO][Sync] Loading: Edge E Drop
2024-12-19 09:24:32.959: [INFO][Sync] Loading: Edge Hub App Usage
2024-12-19 09:24:32.959: [INFO][Sync] Loading: Edge Tab Group
2024-12-19 09:24:32.959: [INFO][Sync] Loading: Edge Wallet
2024-12-19 09:24:32.980: [INFO][Sync] All data types are ready for configure.
2024-12-19 09:24:33.385: [INFO][SyncEngineBackend::DoStartConfiguration] Start configuration
2024-12-19 09:24:33.385: [INFO][SyncManagerImpl::ConfigureSyncer] Types to download:  with reason: 4
2024-12-19 09:24:33.385: [INFO][SyncEngineBackend::DoFinishConfigureDataTypes] Failed to download types:  and succeeded types: 
2024-12-19 09:24:33.393: [INFO][Sync] Started DataTypeManager configuration, reason: 5
2024-12-19 09:24:33.393: [INFO][Sync] Configuring for: Bookmarks, Preferences, Passwords, Autofill Profiles, Autofill, Typed URLs, Extensions, Sessions, Extension settings, History Delete Directives, Device Info, User Consents, Send Tab To Self, Web Apps, Collection, Edge E Drop, Edge Hub App Usage, Edge Tab Group, Edge Wallet, Encryption Keys, reason: 5, current state: 1
2024-12-19 09:24:33.408: [INFO][Sync] ConfigurationDone, failed: , succeeded: , remaining count: 3
2024-12-19 09:24:33.408: [WARN][Sync]     Reconfigure requested while configuration ongoing.
2024-12-19 09:24:33.408: [INFO][Sync] Configuring for: Bookmarks, Preferences, Passwords, Autofill Profiles, Autofill, Typed URLs, Extensions, Sessions, Extension settings, History Delete Directives, Device Info, User Consents, Send Tab To Self, Web Apps, Collection, Edge E Drop, Edge Hub App Usage, Edge Tab Group, Edge Wallet, Encryption Keys, reason: 5, current state: 2
2024-12-19 09:24:33.408: [INFO][Sync] Configure, desired: Bookmarks, Preferences, Passwords, Autofill Profiles, Autofill, Typed URLs, Extensions, Sessions, Extension settings, History Delete Directives, Device Info, User Consents, Send Tab To Self, Web Apps, Collection, Edge E Drop, Edge Hub App Usage, Edge Tab Group, Edge Wallet, Encryption Keys; Allow fail: 
2024-12-19 09:24:33.408: [INFO][Sync] Loading: Passwords
2024-12-19 09:24:33.408: [INFO][Sync] Loading: Autofill Profiles
2024-12-19 09:24:33.408: [INFO][Sync] Loading: Autofill
2024-12-19 09:24:33.408: [INFO][Sync] All data types are ready for configure.
2024-12-19 09:24:33.408: [INFO][SyncManagerImpl::NudgeForInitialDownload] Initial download nudge for Passwords
2024-12-19 09:24:33.408: [INFO][SyncManagerImpl::ConfigureSyncer] Types to download:  with reason: 5
2024-12-19 09:24:33.408: [INFO][SyncEngineBackend::DoFinishConfigureDataTypes] Failed to download types:  and succeeded types: 
2024-12-19 09:24:33.411: [INFO][Sync] ConfigurationDone, failed: , succeeded: , remaining count: 3
2024-12-19 09:24:33.411: [INFO][Sync] Prepare to configure types: Passwords, Encryption Keys
2024-12-19 09:24:33.411: [INFO][SyncManagerImpl::ConfigureSyncer] Types to download: Passwords, Encryption Keys with reason: 5
2024-12-19 09:24:33.411: [INFO][SyncSchedulerImpl::DoConfigurationSyncCycleJob] Blocked types:  and types to download: Passwords, Encryption Keys
2024-12-19 09:24:35.022: [INFO][SyncEngineBackend::DoFinishConfigureDataTypes] Failed to download types:  and succeeded types: Passwords, Encryption Keys
2024-12-19 09:24:35.045: [INFO][Sync] ConfigurationDone, failed: , succeeded: Passwords, Encryption Keys, remaining count: 2
2024-12-19 09:24:35.045: [INFO][SyncManagerImpl::ConfigureSyncer] Types to download:  with reason: 5
2024-12-19 09:24:35.045: [INFO][SyncEngineBackend::DoFinishConfigureDataTypes] Failed to download types:  and succeeded types: 
2024-12-19 09:24:35.047: [INFO][Sync] ConfigurationDone, failed: , succeeded: , remaining count: 1
2024-12-19 09:24:35.066: [INFO][SyncManagerImpl::ConfigureSyncer] Types to download:  with reason: 5
2024-12-19 09:24:35.066: [INFO][SyncEngineBackend::DoFinishConfigureDataTypes] Failed to download types:  and succeeded types: 
2024-12-19 09:24:35.068: [INFO][Sync] ConfigurationDone, failed: , succeeded: , remaining count: 0
2024-12-19 09:24:35.091: [INFO][Sync]     Configuration completed, state: 7
2024-12-19 09:24:35.092: [INFO][Sync] Configured DataTypeManager: Ok
2024-12-19 09:24:35.118: [INFO][SyncEngineBackend::DoStartSyncing] Start syncing
2024-12-21 08:54:10.140: [INFO][Sync] SyncState after authenticated was: FeatureCanStart
2024-12-21 08:54:12.346: [INFO][SyncAuthManager::SetLastAuthError] Current auth error: None
2024-12-21 08:54:12.346: [INFO][SyncAuthManager::EdgeLogTokenErrorState] Token error with: None for account type: MSA
2024-12-21 08:54:12.346: [INFO][Sync] Credentials changed for: EdgeSyncKeyDataScope
2024-12-21 08:54:13.548: [INFO][Sync] Try to start sync engine
2024-12-21 08:54:13.549: [INFO][SyncManagerImpl::NudgeForInitialDownload] Initial download nudge for Encryption Keys
2024-12-21 08:54:13.549: [INFO][SyncEngineBackend::LoadAndConnectNigoriController] Load and connect Nigori controller
2024-12-21 08:54:13.549: [INFO][SyncEngineBackend::DoInitialize] Control Types added: Encryption Keys
2024-12-21 08:54:13.549: [INFO][SyncManagerImpl::ConfigureSyncer] Types to download: Encryption Keys with reason: 3
2024-12-21 08:54:13.549: [INFO][SyncEngineBackend::DoUpdateKeyDataCredentials] Update key data credentials
2024-12-21 08:54:13.549: [INFO][SyncSchedulerImpl::DoConfigurationSyncCycleJob] Configure job was blocked
2024-12-21 08:54:13.567: [INFO][SyncAuthManager::SetLastAuthError] Current auth error: None
2024-12-21 08:54:13.568: [INFO][SyncAuthManager::EdgeLogTokenErrorState] Token error with: None for account type: MSA
2024-12-21 08:54:13.568: [INFO][Sync] Credentials changed for: EdgeSyncScopeNew
2024-12-21 08:54:13.568: [INFO][SyncEngineBackend::DoUpdateCredentials] Update credentials
2024-12-21 08:54:13.568: [INFO][SyncSchedulerImpl::DoConfigurationSyncCycleJob] Blocked types:  and types to download: Encryption Keys
2024-12-21 08:54:14.537: [INFO][SyncEngineBackend::DoUpdateKeyDataCredentials] Update key data credentials
2024-12-21 08:54:14.576: [INFO][Sync] Started DataTypeManager configuration, reason: 4
2024-12-21 08:54:14.576: [INFO][Sync] Configuring for: Bookmarks, Preferences, Passwords, Autofill Profiles, Autofill, Typed URLs, Extensions, Sessions, Extension settings, History Delete Directives, Device Info, User Consents, Send Tab To Self, Web Apps, Collection, Edge E Drop, Edge Hub App Usage, Edge Tab Group, Edge Wallet, Encryption Keys, reason: 4, current state: 0
2024-12-21 08:54:14.583: [INFO][Sync] Configure, desired: Bookmarks, Preferences, Typed URLs, Extensions, Sessions, Extension settings, History Delete Directives, Device Info, User Consents, Send Tab To Self, Web Apps, Collection, Edge E Drop, Edge Hub App Usage, Edge Tab Group, Edge Wallet, Encryption Keys; Allow fail: Passwords, Autofill Profiles, Autofill
2024-12-21 08:54:14.583: [INFO][Sync] Loading: Bookmarks
2024-12-21 08:54:14.583: [INFO][Sync] Loading: Preferences
2024-12-21 08:54:14.583: [INFO][Sync] Loading: Typed URLs
2024-12-21 08:54:14.583: [INFO][Sync] Loading: Extensions
2024-12-21 08:54:14.583: [INFO][Sync] Loading: Sessions
2024-12-21 08:54:14.583: [INFO][Sync] Loading: Extension settings
2024-12-21 08:54:14.583: [INFO][Sync] Loading: History Delete Directives
2024-12-21 08:54:14.583: [INFO][Sync] Loading: Device Info
2024-12-21 08:54:14.583: [INFO][Sync] Loading: User Consents
2024-12-21 08:54:14.583: [INFO][Sync] Loading: Send Tab To Self
2024-12-21 08:54:14.583: [INFO][Sync] Loading: Web Apps
2024-12-21 08:54:14.583: [INFO][Sync] Loading: Collection
2024-12-21 08:54:14.583: [INFO][Sync] Loading: Edge E Drop
2024-12-21 08:54:14.583: [INFO][Sync] Loading: Edge Hub App Usage
2024-12-21 08:54:14.583: [INFO][Sync] Loading: Edge Tab Group
2024-12-21 08:54:14.583: [INFO][Sync] Loading: Edge Wallet
2024-12-21 08:54:14.593: [INFO][Sync] All data types are ready for configure.
2024-12-21 08:54:15.029: [INFO][SyncEngineBackend::DoStartConfiguration] Start configuration
2024-12-21 08:54:15.029: [INFO][SyncManagerImpl::ConfigureSyncer] Types to download:  with reason: 4
2024-12-21 08:54:15.029: [INFO][SyncEngineBackend::DoFinishConfigureDataTypes] Failed to download types:  and succeeded types: 
2024-12-21 08:54:15.033: [INFO][Sync] Started DataTypeManager configuration, reason: 5
2024-12-21 08:54:15.033: [INFO][Sync] Configuring for: Bookmarks, Preferences, Passwords, Autofill Profiles, Autofill, Typed URLs, Extensions, Sessions, Extension settings, History Delete Directives, Device Info, User Consents, Send Tab To Self, Web Apps, Collection, Edge E Drop, Edge Hub App Usage, Edge Tab Group, Edge Wallet, Encryption Keys, reason: 5, current state: 1
2024-12-21 08:54:15.041: [INFO][Sync] ConfigurationDone, failed: , succeeded: , remaining count: 3
2024-12-21 08:54:15.041: [WARN][Sync]     Reconfigure requested while configuration ongoing.
2024-12-21 08:54:15.041: [INFO][Sync] Configuring for: Bookmarks, Preferences, Passwords, Autofill Profiles, Autofill, Typed URLs, Extensions, Sessions, Extension settings, History Delete Directives, Device Info, User Consents, Send Tab To Self, Web Apps, Collection, Edge E Drop, Edge Hub App Usage, Edge Tab Group, Edge Wallet, Encryption Keys, reason: 5, current state: 2
2024-12-21 08:54:15.041: [INFO][Sync] Configure, desired: Bookmarks, Preferences, Passwords, Autofill Profiles, Autofill, Typed URLs, Extensions, Sessions, Extension settings, History Delete Directives, Device Info, User Consents, Send Tab To Self, Web Apps, Collection, Edge E Drop, Edge Hub App Usage, Edge Tab Group, Edge Wallet, Encryption Keys; Allow fail: 
2024-12-21 08:54:15.041: [INFO][Sync] Loading: Passwords
2024-12-21 08:54:15.041: [INFO][Sync] Loading: Autofill Profiles
2024-12-21 08:54:15.041: [INFO][Sync] Loading: Autofill
2024-12-21 08:54:15.041: [INFO][Sync] All data types are ready for configure.
2024-12-21 08:54:15.041: [INFO][SyncManagerImpl::NudgeForInitialDownload] Initial download nudge for Passwords
2024-12-21 08:54:15.041: [INFO][SyncManagerImpl::ConfigureSyncer] Types to download:  with reason: 5
2024-12-21 08:54:15.041: [INFO][SyncEngineBackend::DoFinishConfigureDataTypes] Failed to download types:  and succeeded types: 
2024-12-21 08:54:15.043: [INFO][Sync] ConfigurationDone, failed: , succeeded: , remaining count: 3
2024-12-21 08:54:15.043: [INFO][Sync] Prepare to configure types: Passwords, Encryption Keys
2024-12-21 08:54:15.043: [INFO][SyncManagerImpl::ConfigureSyncer] Types to download: Passwords, Encryption Keys with reason: 5
2024-12-21 08:54:15.043: [INFO][SyncSchedulerImpl::DoConfigurationSyncCycleJob] Blocked types:  and types to download: Passwords, Encryption Keys
2024-12-21 08:54:16.478: [INFO][SyncEngineBackend::DoFinishConfigureDataTypes] Failed to download types:  and succeeded types: Passwords, Encryption Keys
2024-12-21 08:54:16.486: [INFO][Sync] ConfigurationDone, failed: , succeeded: Passwords, Encryption Keys, remaining count: 2
2024-12-21 08:54:16.486: [INFO][SyncManagerImpl::ConfigureSyncer] Types to download:  with reason: 5
2024-12-21 08:54:16.486: [INFO][SyncEngineBackend::DoFinishConfigureDataTypes] Failed to download types:  and succeeded types: 
2024-12-21 08:54:16.486: [INFO][Sync] ConfigurationDone, failed: , succeeded: , remaining count: 1
2024-12-21 08:54:16.495: [INFO][SyncManagerImpl::ConfigureSyncer] Types to download:  with reason: 5
2024-12-21 08:54:16.495: [INFO][SyncEngineBackend::DoFinishConfigureDataTypes] Failed to download types:  and succeeded types: 
2024-12-21 08:54:16.495: [INFO][Sync] ConfigurationDone, failed: , succeeded: , remaining count: 0
2024-12-21 08:54:16.503: [INFO][Sync]     Configuration completed, state: 7
2024-12-21 08:54:16.503: [INFO][Sync] Configured DataTypeManager: Ok
2024-12-21 08:54:16.510: [INFO][SyncEngineBackend::DoStartSyncing] Start syncing
2024-12-21 10:05:33.660: [INFO][SyncSchedulerImpl::OnSyncNetworkError] Syncer error: HTTP error (401)
2024-12-21 10:05:33.660: [INFO][Sync] Connection status changed to: 2
2024-12-21 10:05:33.660: [INFO][Commit::ReportFullCommitFailure] Commit Sessions failed with error: AuthError
2024-12-21 10:05:33.661: [INFO][SyncSchedulerImpl::DoNudgeSyncCycleJob] Syncer error: HTTP error (401)
2024-12-21 10:05:33.686: [WARN][Sync] NetworkError: HTTP error (401)
2024-12-21 10:05:33.737: [INFO][SyncAuthManager::SetLastAuthError] Current auth error: None
2024-12-21 10:05:33.737: [INFO][SyncAuthManager::EdgeLogTokenErrorState] Token error with: None for account type: MSA
2024-12-21 10:05:33.737: [INFO][Sync] Credentials changed for: EdgeSyncScopeNew
2024-12-21 10:05:34.422: [INFO][SyncAuthManager::SetLastAuthError] Current auth error: None
2024-12-21 10:05:34.422: [INFO][SyncAuthManager::EdgeLogTokenErrorState] Token error with: None for account type: MSA
2024-12-21 10:05:34.422: [INFO][Sync] Credentials changed for: EdgeSyncKeyDataScope
2024-12-21 10:05:34.422: [INFO][SyncEngineBackend::DoUpdateKeyDataCredentials] Update key data credentials
2024-12-21 10:05:34.422: [INFO][SyncEngineBackend::DoUpdateCredentials] Update credentials
2024-12-21 11:28:44.866: [INFO][Sync] Reset engine, reason: 0
2024-12-21 11:28:44.866: [INFO][Sync] Reset engine with reason: 0
2024-12-21 11:29:43.813: [INFO][Sync] SyncState after authenticated was: FeatureCanStart
2024-12-21 11:29:44.619: [INFO][Sync] Try to start sync engine
2024-12-21 11:29:44.620: [INFO][SyncManagerImpl::NudgeForInitialDownload] Initial download nudge for Encryption Keys
2024-12-21 11:29:44.620: [INFO][SyncEngineBackend::LoadAndConnectNigoriController] Load and connect Nigori controller
2024-12-21 11:29:44.620: [INFO][SyncEngineBackend::DoInitialize] Control Types added: Encryption Keys
2024-12-21 11:29:44.620: [INFO][SyncManagerImpl::ConfigureSyncer] Types to download: Encryption Keys with reason: 3
2024-12-21 11:29:44.620: [INFO][SyncSchedulerImpl::DoConfigurationSyncCycleJob] Configure job was blocked
2024-12-21 11:29:44.644: [INFO][SyncAuthManager::SetLastAuthError] Current auth error: None
2024-12-21 11:29:44.644: [INFO][SyncAuthManager::EdgeLogTokenErrorState] Token error with: None for account type: MSA
2024-12-21 11:29:44.644: [INFO][Sync] Credentials changed for: EdgeSyncScopeNew
2024-12-21 11:29:44.816: [INFO][SyncAuthManager::SetLastAuthError] Current auth error: None
2024-12-21 11:29:44.816: [INFO][SyncAuthManager::EdgeLogTokenErrorState] Token error with: None for account type: MSA
2024-12-21 11:29:44.816: [INFO][Sync] Credentials changed for: EdgeSyncKeyDataScope
2024-12-21 11:29:44.816: [INFO][SyncEngineBackend::DoUpdateKeyDataCredentials] Update key data credentials
2024-12-21 11:29:44.816: [INFO][SyncEngineBackend::DoUpdateCredentials] Update credentials
2024-12-21 11:29:44.816: [INFO][SyncSchedulerImpl::DoConfigurationSyncCycleJob] Blocked types:  and types to download: Encryption Keys
2024-12-21 11:29:45.791: [INFO][Sync] Started DataTypeManager configuration, reason: 4
2024-12-21 11:29:45.791: [INFO][Sync] Configuring for: Bookmarks, Preferences, Passwords, Autofill Profiles, Autofill, Typed URLs, Extensions, Sessions, Extension settings, History Delete Directives, Device Info, User Consents, Send Tab To Self, Web Apps, Collection, Edge E Drop, Edge Hub App Usage, Edge Tab Group, Edge Wallet, Encryption Keys, reason: 4, current state: 0
2024-12-21 11:29:45.799: [INFO][Sync] Configure, desired: Bookmarks, Preferences, Typed URLs, Extensions, Sessions, Extension settings, History Delete Directives, Device Info, User Consents, Send Tab To Self, Web Apps, Collection, Edge E Drop, Edge Hub App Usage, Edge Tab Group, Edge Wallet, Encryption Keys; Allow fail: Passwords, Autofill Profiles, Autofill
2024-12-21 11:29:45.799: [INFO][Sync] Loading: Bookmarks
2024-12-21 11:29:45.799: [INFO][Sync] Loading: Preferences
2024-12-21 11:29:45.799: [INFO][Sync] Loading: Typed URLs
2024-12-21 11:29:45.799: [INFO][Sync] Loading: Extensions
2024-12-21 11:29:45.799: [INFO][Sync] Loading: Sessions
2024-12-21 11:29:45.799: [INFO][Sync] Loading: Extension settings
2024-12-21 11:29:45.799: [INFO][Sync] Loading: History Delete Directives
2024-12-21 11:29:45.799: [INFO][Sync] Loading: Device Info
2024-12-21 11:29:45.799: [INFO][Sync] Loading: User Consents
2024-12-21 11:29:45.799: [INFO][Sync] Loading: Send Tab To Self
2024-12-21 11:29:45.799: [INFO][Sync] Loading: Web Apps
2024-12-21 11:29:45.799: [INFO][Sync] Loading: Collection
2024-12-21 11:29:45.799: [INFO][Sync] Loading: Edge E Drop
2024-12-21 11:29:45.799: [INFO][Sync] Loading: Edge Hub App Usage
2024-12-21 11:29:45.799: [INFO][Sync] Loading: Edge Tab Group
2024-12-21 11:29:45.799: [INFO][Sync] Loading: Edge Wallet
2024-12-21 11:29:45.810: [INFO][Sync] All data types are ready for configure.
2024-12-21 11:29:46.293: [INFO][SyncEngineBackend::DoStartConfiguration] Start configuration
2024-12-21 11:29:46.293: [INFO][SyncManagerImpl::ConfigureSyncer] Types to download:  with reason: 4
2024-12-21 11:29:46.293: [INFO][SyncEngineBackend::DoFinishConfigureDataTypes] Failed to download types:  and succeeded types: 
2024-12-21 11:29:46.326: [INFO][Sync] Started DataTypeManager configuration, reason: 5
2024-12-21 11:29:46.327: [INFO][Sync] Configuring for: Bookmarks, Preferences, Passwords, Autofill Profiles, Autofill, Typed URLs, Extensions, Sessions, Extension settings, History Delete Directives, Device Info, User Consents, Send Tab To Self, Web Apps, Collection, Edge E Drop, Edge Hub App Usage, Edge Tab Group, Edge Wallet, Encryption Keys, reason: 5, current state: 1
2024-12-21 11:29:46.336: [INFO][Sync] ConfigurationDone, failed: , succeeded: , remaining count: 3
2024-12-21 11:29:46.336: [WARN][Sync]     Reconfigure requested while configuration ongoing.
2024-12-21 11:29:46.336: [INFO][Sync] Configuring for: Bookmarks, Preferences, Passwords, Autofill Profiles, Autofill, Typed URLs, Extensions, Sessions, Extension settings, History Delete Directives, Device Info, User Consents, Send Tab To Self, Web Apps, Collection, Edge E Drop, Edge Hub App Usage, Edge Tab Group, Edge Wallet, Encryption Keys, reason: 5, current state: 2
2024-12-21 11:29:46.336: [INFO][Sync] Configure, desired: Bookmarks, Preferences, Passwords, Autofill Profiles, Autofill, Typed URLs, Extensions, Sessions, Extension settings, History Delete Directives, Device Info, User Consents, Send Tab To Self, Web Apps, Collection, Edge E Drop, Edge Hub App Usage, Edge Tab Group, Edge Wallet, Encryption Keys; Allow fail: 
2024-12-21 11:29:46.336: [INFO][Sync] Loading: Passwords
2024-12-21 11:29:46.336: [INFO][Sync] Loading: Autofill Profiles
2024-12-21 11:29:46.336: [INFO][Sync] Loading: Autofill
2024-12-21 11:29:46.351: [INFO][Sync] All data types are ready for configure.
2024-12-21 11:29:46.351: [INFO][SyncManagerImpl::NudgeForInitialDownload] Initial download nudge for Passwords
2024-12-21 11:29:46.351: [INFO][SyncManagerImpl::ConfigureSyncer] Types to download:  with reason: 5
2024-12-21 11:29:46.351: [INFO][SyncEngineBackend::DoFinishConfigureDataTypes] Failed to download types:  and succeeded types: 
2024-12-21 11:29:46.352: [INFO][Sync] ConfigurationDone, failed: , succeeded: , remaining count: 3
2024-12-21 11:29:46.352: [INFO][Sync] Prepare to configure types: Passwords, Encryption Keys
2024-12-21 11:29:46.352: [INFO][SyncManagerImpl::ConfigureSyncer] Types to download: Passwords, Encryption Keys with reason: 5
2024-12-21 11:29:46.352: [INFO][SyncSchedulerImpl::DoConfigurationSyncCycleJob] Blocked types:  and types to download: Passwords, Encryption Keys
2024-12-21 11:29:47.494: [INFO][SyncEngineBackend::DoFinishConfigureDataTypes] Failed to download types:  and succeeded types: Passwords, Encryption Keys
2024-12-21 11:29:47.504: [INFO][Sync] ConfigurationDone, failed: , succeeded: Passwords, Encryption Keys, remaining count: 2
2024-12-21 11:29:47.504: [INFO][SyncManagerImpl::ConfigureSyncer] Types to download:  with reason: 5
2024-12-21 11:29:47.504: [INFO][SyncEngineBackend::DoFinishConfigureDataTypes] Failed to download types:  and succeeded types: 
2024-12-21 11:29:47.504: [INFO][Sync] ConfigurationDone, failed: , succeeded: , remaining count: 1
2024-12-21 11:29:47.514: [INFO][SyncManagerImpl::ConfigureSyncer] Types to download:  with reason: 5
2024-12-21 11:29:47.514: [INFO][SyncEngineBackend::DoFinishConfigureDataTypes] Failed to download types:  and succeeded types: 
2024-12-21 11:29:47.514: [INFO][Sync] ConfigurationDone, failed: , succeeded: , remaining count: 0
2024-12-21 11:29:47.524: [INFO][Sync]     Configuration completed, state: 7
2024-12-21 11:29:47.524: [INFO][Sync] Configured DataTypeManager: Ok
2024-12-21 11:29:47.533: [INFO][SyncEngineBackend::DoStartSyncing] Start syncing
2024-12-21 11:34:23.659: [INFO][Sync] Reset engine, reason: 0
2024-12-21 11:34:23.659: [INFO][Sync] Reset engine with reason: 0
2024-12-21 11:43:29.639: [INFO][Sync] SyncState after authenticated was: FeatureCanStart
2024-12-21 11:43:30.795: [INFO][SyncAuthManager::SetLastAuthError] Current auth error: None
2024-12-21 11:43:30.795: [INFO][SyncAuthManager::EdgeLogTokenErrorState] Token error with: None for account type: MSA
2024-12-21 11:43:30.795: [INFO][Sync] Credentials changed for: EdgeSyncKeyDataScope
2024-12-21 11:43:34.042: [INFO][Sync] Try to start sync engine
2024-12-21 11:43:34.043: [INFO][SyncManagerImpl::NudgeForInitialDownload] Initial download nudge for Encryption Keys
2024-12-21 11:43:34.043: [INFO][SyncEngineBackend::LoadAndConnectNigoriController] Load and connect Nigori controller
2024-12-21 11:43:34.043: [INFO][SyncEngineBackend::DoInitialize] Control Types added: Encryption Keys
2024-12-21 11:43:34.043: [INFO][SyncManagerImpl::ConfigureSyncer] Types to download: Encryption Keys with reason: 3
2024-12-21 11:43:34.043: [INFO][SyncEngineBackend::DoUpdateKeyDataCredentials] Update key data credentials
2024-12-21 11:43:34.043: [INFO][SyncSchedulerImpl::DoConfigurationSyncCycleJob] Configure job was blocked
2024-12-21 11:43:34.062: [INFO][SyncAuthManager::SetLastAuthError] Current auth error: None
2024-12-21 11:43:34.062: [INFO][SyncAuthManager::EdgeLogTokenErrorState] Token error with: None for account type: MSA
2024-12-21 11:43:34.062: [INFO][Sync] Credentials changed for: EdgeSyncScopeNew
2024-12-21 11:43:34.062: [INFO][SyncEngineBackend::DoUpdateCredentials] Update credentials
2024-12-21 11:43:34.062: [INFO][SyncSchedulerImpl::DoConfigurationSyncCycleJob] Blocked types:  and types to download: Encryption Keys
2024-12-21 11:43:34.931: [INFO][SyncEngineBackend::DoUpdateKeyDataCredentials] Update key data credentials
2024-12-21 11:43:34.967: [INFO][Sync] Started DataTypeManager configuration, reason: 4
2024-12-21 11:43:34.967: [INFO][Sync] Configuring for: Bookmarks, Preferences, Passwords, Autofill Profiles, Autofill, Typed URLs, Extensions, Sessions, Extension settings, History Delete Directives, Device Info, User Consents, Send Tab To Self, Web Apps, Collection, Edge E Drop, Edge Hub App Usage, Edge Tab Group, Edge Wallet, Encryption Keys, reason: 4, current state: 0
2024-12-21 11:43:34.975: [INFO][Sync] Configure, desired: Bookmarks, Preferences, Typed URLs, Extensions, Sessions, Extension settings, History Delete Directives, Device Info, User Consents, Send Tab To Self, Web Apps, Collection, Edge E Drop, Edge Hub App Usage, Edge Tab Group, Edge Wallet, Encryption Keys; Allow fail: Passwords, Autofill Profiles, Autofill
2024-12-21 11:43:34.975: [INFO][Sync] Loading: Bookmarks
2024-12-21 11:43:34.975: [INFO][Sync] Loading: Preferences
2024-12-21 11:43:34.975: [INFO][Sync] Loading: Typed URLs
2024-12-21 11:43:34.975: [INFO][Sync] Loading: Extensions
2024-12-21 11:43:34.975: [INFO][Sync] Loading: Sessions
2024-12-21 11:43:34.975: [INFO][Sync] Loading: Extension settings
2024-12-21 11:43:34.975: [INFO][Sync] Loading: History Delete Directives
2024-12-21 11:43:34.975: [INFO][Sync] Loading: Device Info
2024-12-21 11:43:34.975: [INFO][Sync] Loading: User Consents
2024-12-21 11:43:34.975: [INFO][Sync] Loading: Send Tab To Self
2024-12-21 11:43:34.975: [INFO][Sync] Loading: Web Apps
2024-12-21 11:43:34.975: [INFO][Sync] Loading: Collection
2024-12-21 11:43:34.975: [INFO][Sync] Loading: Edge E Drop
2024-12-21 11:43:34.975: [INFO][Sync] Loading: Edge Hub App Usage
2024-12-21 11:43:34.975: [INFO][Sync] Loading: Edge Tab Group
2024-12-21 11:43:34.975: [INFO][Sync] Loading: Edge Wallet
2024-12-21 11:43:34.987: [INFO][Sync] All data types are ready for configure.
2024-12-21 11:43:35.443: [INFO][SyncEngineBackend::DoStartConfiguration] Start configuration
2024-12-21 11:43:35.443: [INFO][SyncManagerImpl::ConfigureSyncer] Types to download:  with reason: 4
2024-12-21 11:43:35.443: [INFO][SyncEngineBackend::DoFinishConfigureDataTypes] Failed to download types:  and succeeded types: 
2024-12-21 11:43:35.447: [INFO][Sync] Started DataTypeManager configuration, reason: 5
2024-12-21 11:43:35.447: [INFO][Sync] Configuring for: Bookmarks, Preferences, Passwords, Autofill Profiles, Autofill, Typed URLs, Extensions, Sessions, Extension settings, History Delete Directives, Device Info, User Consents, Send Tab To Self, Web Apps, Collection, Edge E Drop, Edge Hub App Usage, Edge Tab Group, Edge Wallet, Encryption Keys, reason: 5, current state: 1
2024-12-21 11:43:35.455: [INFO][Sync] ConfigurationDone, failed: , succeeded: , remaining count: 3
2024-12-21 11:43:35.455: [WARN][Sync]     Reconfigure requested while configuration ongoing.
2024-12-21 11:43:35.455: [INFO][Sync] Configuring for: Bookmarks, Preferences, Passwords, Autofill Profiles, Autofill, Typed URLs, Extensions, Sessions, Extension settings, History Delete Directives, Device Info, User Consents, Send Tab To Self, Web Apps, Collection, Edge E Drop, Edge Hub App Usage, Edge Tab Group, Edge Wallet, Encryption Keys, reason: 5, current state: 2
2024-12-21 11:43:35.455: [INFO][Sync] Configure, desired: Bookmarks, Preferences, Passwords, Autofill Profiles, Autofill, Typed URLs, Extensions, Sessions, Extension settings, History Delete Directives, Device Info, User Consents, Send Tab To Self, Web Apps, Collection, Edge E Drop, Edge Hub App Usage, Edge Tab Group, Edge Wallet, Encryption Keys; Allow fail: 
2024-12-21 11:43:35.455: [INFO][Sync] Loading: Passwords
2024-12-21 11:43:35.455: [INFO][Sync] Loading: Autofill Profiles
2024-12-21 11:43:35.455: [INFO][Sync] Loading: Autofill
2024-12-21 11:43:35.455: [INFO][Sync] All data types are ready for configure.
2024-12-21 11:43:35.456: [INFO][SyncManagerImpl::NudgeForInitialDownload] Initial download nudge for Passwords
2024-12-21 11:43:35.456: [INFO][SyncManagerImpl::ConfigureSyncer] Types to download:  with reason: 5
2024-12-21 11:43:35.456: [INFO][SyncEngineBackend::DoFinishConfigureDataTypes] Failed to download types:  and succeeded types: 
2024-12-21 11:43:35.457: [INFO][Sync] ConfigurationDone, failed: , succeeded: , remaining count: 3
2024-12-21 11:43:35.457: [INFO][Sync] Prepare to configure types: Passwords, Encryption Keys
2024-12-21 11:43:35.457: [INFO][SyncManagerImpl::ConfigureSyncer] Types to download: Passwords, Encryption Keys with reason: 5
2024-12-21 11:43:35.457: [INFO][SyncSchedulerImpl::DoConfigurationSyncCycleJob] Blocked types:  and types to download: Passwords, Encryption Keys
2024-12-21 11:43:36.194: [INFO][SyncEngineBackend::DoFinishConfigureDataTypes] Failed to download types:  and succeeded types: Passwords, Encryption Keys
2024-12-21 11:43:36.203: [INFO][Sync] ConfigurationDone, failed: , succeeded: Passwords, Encryption Keys, remaining count: 2
2024-12-21 11:43:36.203: [INFO][SyncManagerImpl::ConfigureSyncer] Types to download:  with reason: 5
2024-12-21 11:43:36.203: [INFO][SyncEngineBackend::DoFinishConfigureDataTypes] Failed to download types:  and succeeded types: 
2024-12-21 11:43:36.203: [INFO][Sync] ConfigurationDone, failed: , succeeded: , remaining count: 1
2024-12-21 11:43:36.211: [INFO][SyncManagerImpl::ConfigureSyncer] Types to download:  with reason: 5
2024-12-21 11:43:36.211: [INFO][SyncEngineBackend::DoFinishConfigureDataTypes] Failed to download types:  and succeeded types: 
2024-12-21 11:43:36.211: [INFO][Sync] ConfigurationDone, failed: , succeeded: , remaining count: 0
2024-12-21 11:43:36.219: [INFO][Sync]     Configuration completed, state: 7
2024-12-21 11:43:36.219: [INFO][Sync] Configured DataTypeManager: Ok
2024-12-21 11:43:36.227: [INFO][SyncEngineBackend::DoStartSyncing] Start syncing
2024-12-21 12:36:39.026: [INFO][Sync] SyncState after authenticated was: FeatureCanStart
2024-12-21 12:36:40.003: [INFO][SyncAuthManager::SetLastAuthError] Current auth error: None
2024-12-21 12:36:40.003: [INFO][SyncAuthManager::EdgeLogTokenErrorState] Token error with: None for account type: MSA
2024-12-21 12:36:40.003: [INFO][Sync] Credentials changed for: EdgeSyncKeyDataScope
2024-12-21 12:36:41.420: [INFO][Sync] Try to start sync engine
2024-12-21 12:36:41.421: [INFO][SyncManagerImpl::NudgeForInitialDownload] Initial download nudge for Encryption Keys
2024-12-21 12:36:41.421: [INFO][SyncEngineBackend::LoadAndConnectNigoriController] Load and connect Nigori controller
2024-12-21 12:36:41.421: [INFO][SyncEngineBackend::DoInitialize] Control Types added: Encryption Keys
2024-12-21 12:36:41.421: [INFO][SyncManagerImpl::ConfigureSyncer] Types to download: Encryption Keys with reason: 3
2024-12-21 12:36:41.421: [INFO][SyncEngineBackend::DoUpdateKeyDataCredentials] Update key data credentials
2024-12-21 12:36:41.421: [INFO][SyncSchedulerImpl::DoConfigurationSyncCycleJob] Configure job was blocked
2024-12-21 12:36:41.442: [INFO][SyncAuthManager::SetLastAuthError] Current auth error: None
2024-12-21 12:36:41.442: [INFO][SyncAuthManager::EdgeLogTokenErrorState] Token error with: None for account type: MSA
2024-12-21 12:36:41.442: [INFO][Sync] Credentials changed for: EdgeSyncScopeNew
2024-12-21 12:36:41.442: [INFO][SyncEngineBackend::DoUpdateCredentials] Update credentials
2024-12-21 12:36:41.442: [INFO][SyncSchedulerImpl::DoConfigurationSyncCycleJob] Blocked types:  and types to download: Encryption Keys
2024-12-21 12:36:42.555: [INFO][SyncEngineBackend::DoUpdateKeyDataCredentials] Update key data credentials
2024-12-21 12:36:42.605: [INFO][Sync] Started DataTypeManager configuration, reason: 4
2024-12-21 12:36:42.605: [INFO][Sync] Configuring for: Bookmarks, Preferences, Passwords, Autofill Profiles, Autofill, Typed URLs, Extensions, Sessions, Extension settings, History Delete Directives, Device Info, User Consents, Send Tab To Self, Web Apps, Collection, Edge E Drop, Edge Hub App Usage, Edge Tab Group, Edge Wallet, Encryption Keys, reason: 4, current state: 0
2024-12-21 12:36:42.615: [INFO][Sync] Configure, desired: Bookmarks, Preferences, Typed URLs, Extensions, Sessions, Extension settings, History Delete Directives, Device Info, User Consents, Send Tab To Self, Web Apps, Collection, Edge E Drop, Edge Hub App Usage, Edge Tab Group, Edge Wallet, Encryption Keys; Allow fail: Passwords, Autofill Profiles, Autofill
2024-12-21 12:36:42.615: [INFO][Sync] Loading: Bookmarks
2024-12-21 12:36:42.615: [INFO][Sync] Loading: Preferences
2024-12-21 12:36:42.615: [INFO][Sync] Loading: Typed URLs
2024-12-21 12:36:42.615: [INFO][Sync] Loading: Extensions
2024-12-21 12:36:42.615: [INFO][Sync] Loading: Sessions
2024-12-21 12:36:42.615: [INFO][Sync] Loading: Extension settings
2024-12-21 12:36:42.615: [INFO][Sync] Loading: History Delete Directives
2024-12-21 12:36:42.615: [INFO][Sync] Loading: Device Info
2024-12-21 12:36:42.615: [INFO][Sync] Loading: User Consents
2024-12-21 12:36:42.615: [INFO][Sync] Loading: Send Tab To Self
2024-12-21 12:36:42.615: [INFO][Sync] Loading: Web Apps
2024-12-21 12:36:42.615: [INFO][Sync] Loading: Collection
2024-12-21 12:36:42.615: [INFO][Sync] Loading: Edge E Drop
2024-12-21 12:36:42.615: [INFO][Sync] Loading: Edge Hub App Usage
2024-12-21 12:36:42.615: [INFO][Sync] Loading: Edge Tab Group
2024-12-21 12:36:42.615: [INFO][Sync] Loading: Edge Wallet
2024-12-21 12:36:42.631: [INFO][Sync] All data types are ready for configure.
2024-12-21 12:36:43.730: [INFO][SyncEngineBackend::DoStartConfiguration] Start configuration
2024-12-21 12:36:43.730: [INFO][SyncManagerImpl::ConfigureSyncer] Types to download:  with reason: 4
2024-12-21 12:36:43.730: [INFO][SyncEngineBackend::DoFinishConfigureDataTypes] Failed to download types:  and succeeded types: 
2024-12-21 12:36:43.734: [INFO][Sync] Started DataTypeManager configuration, reason: 5
2024-12-21 12:36:43.734: [INFO][Sync] Configuring for: Bookmarks, Preferences, Passwords, Autofill Profiles, Autofill, Typed URLs, Extensions, Sessions, Extension settings, History Delete Directives, Device Info, User Consents, Send Tab To Self, Web Apps, Collection, Edge E Drop, Edge Hub App Usage, Edge Tab Group, Edge Wallet, Encryption Keys, reason: 5, current state: 1
2024-12-21 12:36:43.743: [INFO][Sync] ConfigurationDone, failed: , succeeded: , remaining count: 3
2024-12-21 12:36:43.743: [WARN][Sync]     Reconfigure requested while configuration ongoing.
2024-12-21 12:36:43.743: [INFO][Sync] Configuring for: Bookmarks, Preferences, Passwords, Autofill Profiles, Autofill, Typed URLs, Extensions, Sessions, Extension settings, History Delete Directives, Device Info, User Consents, Send Tab To Self, Web Apps, Collection, Edge E Drop, Edge Hub App Usage, Edge Tab Group, Edge Wallet, Encryption Keys, reason: 5, current state: 2
2024-12-21 12:36:43.743: [INFO][Sync] Configure, desired: Bookmarks, Preferences, Passwords, Autofill Profiles, Autofill, Typed URLs, Extensions, Sessions, Extension settings, History Delete Directives, Device Info, User Consents, Send Tab To Self, Web Apps, Collection, Edge E Drop, Edge Hub App Usage, Edge Tab Group, Edge Wallet, Encryption Keys; Allow fail: 
2024-12-21 12:36:43.743: [INFO][Sync] Loading: Passwords
2024-12-21 12:36:43.743: [INFO][Sync] Loading: Autofill Profiles
2024-12-21 12:36:43.743: [INFO][Sync] Loading: Autofill
2024-12-21 12:36:43.743: [INFO][Sync] All data types are ready for configure.
2024-12-21 12:36:43.743: [INFO][SyncManagerImpl::NudgeForInitialDownload] Initial download nudge for Passwords
2024-12-21 12:36:43.743: [INFO][SyncManagerImpl::ConfigureSyncer] Types to download:  with reason: 5
2024-12-21 12:36:43.743: [INFO][SyncEngineBackend::DoFinishConfigureDataTypes] Failed to download types:  and succeeded types: 
2024-12-21 12:36:43.744: [INFO][Sync] ConfigurationDone, failed: , succeeded: , remaining count: 3
2024-12-21 12:36:43.744: [INFO][Sync] Prepare to configure types: Passwords, Encryption Keys
2024-12-21 12:36:43.744: [INFO][SyncManagerImpl::ConfigureSyncer] Types to download: Passwords, Encryption Keys with reason: 5
2024-12-21 12:36:43.744: [INFO][SyncSchedulerImpl::DoConfigurationSyncCycleJob] Blocked types:  and types to download: Passwords, Encryption Keys
2024-12-21 12:36:44.639: [INFO][SyncEngineBackend::DoFinishConfigureDataTypes] Failed to download types:  and succeeded types: Passwords, Encryption Keys
2024-12-21 12:36:44.647: [INFO][Sync] ConfigurationDone, failed: , succeeded: Passwords, Encryption Keys, remaining count: 2
2024-12-21 12:36:44.647: [INFO][SyncManagerImpl::ConfigureSyncer] Types to download:  with reason: 5
2024-12-21 12:36:44.647: [INFO][SyncEngineBackend::DoFinishConfigureDataTypes] Failed to download types:  and succeeded types: 
2024-12-21 12:36:44.648: [INFO][Sync] ConfigurationDone, failed: , succeeded: , remaining count: 1
2024-12-21 12:36:44.655: [INFO][SyncManagerImpl::ConfigureSyncer] Types to download:  with reason: 5
2024-12-21 12:36:44.655: [INFO][SyncEngineBackend::DoFinishConfigureDataTypes] Failed to download types:  and succeeded types: 
2024-12-21 12:36:44.655: [INFO][Sync] ConfigurationDone, failed: , succeeded: , remaining count: 0
2024-12-21 12:36:44.667: [INFO][Sync]     Configuration completed, state: 7
2024-12-21 12:36:44.668: [INFO][Sync] Configured DataTypeManager: Ok
2024-12-21 12:36:44.679: [INFO][SyncEngineBackend::DoStartSyncing] Start syncing
2024-12-21 13:00:53.789: [INFO][Commit::PostAndProcessResponse] Process Preferences: Protocol error (CONFLICT)
2024-12-21 13:00:53.789: [INFO][SyncSchedulerImpl::DoNudgeSyncCycleJob] Syncer error: Protocol error (CONFLICT)
2024-12-21 13:23:49.962: [INFO][Sync] SyncState after authenticated was: FeatureCanStart
2024-12-21 13:23:50.987: [INFO][SyncAuthManager::SetLastAuthError] Current auth error: None
2024-12-21 13:23:50.987: [INFO][SyncAuthManager::EdgeLogTokenErrorState] Token error with: None for account type: MSA
2024-12-21 13:23:50.987: [INFO][Sync] Credentials changed for: EdgeSyncKeyDataScope
2024-12-21 13:23:53.508: [INFO][Sync] Try to start sync engine
2024-12-21 13:23:53.508: [INFO][SyncManagerImpl::NudgeForInitialDownload] Initial download nudge for Encryption Keys
2024-12-21 13:23:53.508: [INFO][SyncEngineBackend::LoadAndConnectNigoriController] Load and connect Nigori controller
2024-12-21 13:23:53.508: [INFO][SyncEngineBackend::DoInitialize] Control Types added: Encryption Keys
2024-12-21 13:23:53.508: [INFO][SyncManagerImpl::ConfigureSyncer] Types to download: Encryption Keys with reason: 3
2024-12-21 13:23:53.508: [INFO][SyncEngineBackend::DoUpdateKeyDataCredentials] Update key data credentials
2024-12-21 13:23:53.508: [INFO][SyncSchedulerImpl::DoConfigurationSyncCycleJob] Configure job was blocked
2024-12-21 13:23:53.532: [INFO][SyncAuthManager::SetLastAuthError] Current auth error: None
2024-12-21 13:23:53.532: [INFO][SyncAuthManager::EdgeLogTokenErrorState] Token error with: None for account type: MSA
2024-12-21 13:23:53.532: [INFO][Sync] Credentials changed for: EdgeSyncScopeNew
2024-12-21 13:23:53.533: [INFO][SyncEngineBackend::DoUpdateCredentials] Update credentials
2024-12-21 13:23:53.533: [INFO][SyncSchedulerImpl::DoConfigurationSyncCycleJob] Blocked types:  and types to download: Encryption Keys
2024-12-21 13:23:54.693: [INFO][SyncEngineBackend::DoUpdateKeyDataCredentials] Update key data credentials
2024-12-21 13:23:54.747: [INFO][Sync] Started DataTypeManager configuration, reason: 4
2024-12-21 13:23:54.747: [INFO][Sync] Configuring for: Bookmarks, Preferences, Passwords, Autofill Profiles, Autofill, Typed URLs, Extensions, Sessions, Extension settings, History Delete Directives, Device Info, User Consents, Send Tab To Self, Web Apps, Collection, Edge E Drop, Edge Hub App Usage, Edge Tab Group, Edge Wallet, Encryption Keys, reason: 4, current state: 0
2024-12-21 13:23:54.756: [INFO][Sync] Configure, desired: Bookmarks, Preferences, Typed URLs, Extensions, Sessions, Extension settings, History Delete Directives, Device Info, User Consents, Send Tab To Self, Web Apps, Collection, Edge E Drop, Edge Hub App Usage, Edge Tab Group, Edge Wallet, Encryption Keys; Allow fail: Passwords, Autofill Profiles, Autofill
2024-12-21 13:23:54.756: [INFO][Sync] Loading: Bookmarks
2024-12-21 13:23:54.756: [INFO][Sync] Loading: Preferences
2024-12-21 13:23:54.756: [INFO][Sync] Loading: Typed URLs
2024-12-21 13:23:54.756: [INFO][Sync] Loading: Extensions
2024-12-21 13:23:54.756: [INFO][Sync] Loading: Sessions
2024-12-21 13:23:54.756: [INFO][Sync] Loading: Extension settings
2024-12-21 13:23:54.756: [INFO][Sync] Loading: History Delete Directives
2024-12-21 13:23:54.756: [INFO][Sync] Loading: Device Info
2024-12-21 13:23:54.756: [INFO][Sync] Loading: User Consents
2024-12-21 13:23:54.756: [INFO][Sync] Loading: Send Tab To Self
2024-12-21 13:23:54.756: [INFO][Sync] Loading: Web Apps
2024-12-21 13:23:54.756: [INFO][Sync] Loading: Collection
2024-12-21 13:23:54.756: [INFO][Sync] Loading: Edge E Drop
2024-12-21 13:23:54.756: [INFO][Sync] Loading: Edge Hub App Usage
2024-12-21 13:23:54.756: [INFO][Sync] Loading: Edge Tab Group
2024-12-21 13:23:54.756: [INFO][Sync] Loading: Edge Wallet
2024-12-21 13:23:54.773: [INFO][Sync] All data types are ready for configure.
2024-12-21 13:23:55.156: [INFO][SyncEngineBackend::DoStartConfiguration] Start configuration
2024-12-21 13:23:55.156: [INFO][SyncManagerImpl::ConfigureSyncer] Types to download:  with reason: 4
2024-12-21 13:23:55.156: [INFO][SyncEngineBackend::DoFinishConfigureDataTypes] Failed to download types:  and succeeded types: 
2024-12-21 13:23:55.161: [INFO][Sync] Started DataTypeManager configuration, reason: 5
2024-12-21 13:23:55.161: [INFO][Sync] Configuring for: Bookmarks, Preferences, Passwords, Autofill Profiles, Autofill, Typed URLs, Extensions, Sessions, Extension settings, History Delete Directives, Device Info, User Consents, Send Tab To Self, Web Apps, Collection, Edge E Drop, Edge Hub App Usage, Edge Tab Group, Edge Wallet, Encryption Keys, reason: 5, current state: 1
2024-12-21 13:23:55.170: [INFO][Sync] ConfigurationDone, failed: , succeeded: , remaining count: 3
2024-12-21 13:23:55.170: [WARN][Sync]     Reconfigure requested while configuration ongoing.
2024-12-21 13:23:55.170: [INFO][Sync] Configuring for: Bookmarks, Preferences, Passwords, Autofill Profiles, Autofill, Typed URLs, Extensions, Sessions, Extension settings, History Delete Directives, Device Info, User Consents, Send Tab To Self, Web Apps, Collection, Edge E Drop, Edge Hub App Usage, Edge Tab Group, Edge Wallet, Encryption Keys, reason: 5, current state: 2
2024-12-21 13:23:55.170: [INFO][Sync] Configure, desired: Bookmarks, Preferences, Passwords, Autofill Profiles, Autofill, Typed URLs, Extensions, Sessions, Extension settings, History Delete Directives, Device Info, User Consents, Send Tab To Self, Web Apps, Collection, Edge E Drop, Edge Hub App Usage, Edge Tab Group, Edge Wallet, Encryption Keys; Allow fail: 
2024-12-21 13:23:55.170: [INFO][Sync] Loading: Passwords
2024-12-21 13:23:55.170: [INFO][Sync] Loading: Autofill Profiles
2024-12-21 13:23:55.170: [INFO][Sync] Loading: Autofill
2024-12-21 13:23:55.170: [INFO][Sync] All data types are ready for configure.
2024-12-21 13:23:55.171: [INFO][SyncManagerImpl::NudgeForInitialDownload] Initial download nudge for Passwords
2024-12-21 13:23:55.171: [INFO][SyncManagerImpl::ConfigureSyncer] Types to download:  with reason: 5
2024-12-21 13:23:55.171: [INFO][SyncEngineBackend::DoFinishConfigureDataTypes] Failed to download types:  and succeeded types: 
2024-12-21 13:23:55.173: [INFO][Sync] ConfigurationDone, failed: , succeeded: , remaining count: 3
2024-12-21 13:23:55.173: [INFO][Sync] Prepare to configure types: Passwords, Encryption Keys
2024-12-21 13:23:55.173: [INFO][SyncManagerImpl::ConfigureSyncer] Types to download: Passwords, Encryption Keys with reason: 5
2024-12-21 13:23:55.173: [INFO][SyncSchedulerImpl::DoConfigurationSyncCycleJob] Blocked types:  and types to download: Passwords, Encryption Keys
2024-12-21 13:23:55.925: [INFO][SyncEngineBackend::DoFinishConfigureDataTypes] Failed to download types:  and succeeded types: Passwords, Encryption Keys
2024-12-21 13:23:55.935: [INFO][Sync] ConfigurationDone, failed: , succeeded: Passwords, Encryption Keys, remaining count: 2
2024-12-21 13:23:55.935: [INFO][SyncManagerImpl::ConfigureSyncer] Types to download:  with reason: 5
2024-12-21 13:23:55.935: [INFO][SyncEngineBackend::DoFinishConfigureDataTypes] Failed to download types:  and succeeded types: 
2024-12-21 13:23:55.935: [INFO][Sync] ConfigurationDone, failed: , succeeded: , remaining count: 1
2024-12-21 13:23:55.947: [INFO][SyncManagerImpl::ConfigureSyncer] Types to download:  with reason: 5
2024-12-21 13:23:55.947: [INFO][SyncEngineBackend::DoFinishConfigureDataTypes] Failed to download types:  and succeeded types: 
2024-12-21 13:23:55.947: [INFO][Sync] ConfigurationDone, failed: , succeeded: , remaining count: 0
2024-12-21 13:23:55.958: [INFO][Sync]     Configuration completed, state: 7
2024-12-21 13:23:55.959: [INFO][Sync] Configured DataTypeManager: Ok
2024-12-21 13:23:55.969: [INFO][SyncEngineBackend::DoStartSyncing] Start syncing
